,Unnamed: 0,label,area,max_intensity,mean_intensity,min_intensity,solidity,minor_axis_length,eccentricity,aspect_ratio,roundness_skimage,circularity,median,sum,variance,number_of_pixels_on_border,perimeter_on_border_ratio,filename
0,0,1,1031,6.7,2.4125121241513097,0.0,0.9172597864768685,21.98882192124616,0.931903272776764,2.757047134912609,0.3571712369439772,0.5896893527734451,2.3009766340255737,2487.299999999995,1.715425819027646,0,0.0,img01_20220429_ET358_56hpf_1.tif
1,1,2,716,3.0,1.067877094972067,0.0,0.8374269005847953,16.007419469219194,0.9652691266913512,3.827640421484849,0.242838882207961,0.2986416278599896,0.9861328303813934,764.5999999999993,0.2657918506074976,0,0.0,img01_20220429_ET358_56hpf_1.tif
2,2,3,2629,11.0,2.7582731076454925,0.0,0.7388982574480045,61.31221548158982,0.4950867622857789,1.150955210490173,0.6721865824487687,0.3563948691680734,2.181445360183716,7251.500000000002,3.731876925383793,0,0.0,img01_20220429_ET358_56hpf_1.tif
3,3,4,51,2.6,1.23921568627451,0.2,0.9807692307692308,6.114710236363733,0.8281594845157472,1.7841451208985288,0.5455922321037713,0.973583547037986,1.2251953482627869,63.2,0.3096313725490194,10,0.3702916468685555,img01_20220429_ET358_56hpf_1.tif
4,4,5,61,2.6,0.9295081967213116,0.1,0.7261904761904762,6.594027452028285,0.8889102999225813,2.1830185972350566,0.3748207116883975,0.6821981751872706,0.806835949420929,56.70000000000002,0.2244480874316933,0,0.0,img01_20220429_ET358_56hpf_1.tif
5,5,6,2241,11.8,4.143418116912093,0.0,0.9203285420944558,37.82912921101714,0.870965290118536,2.0352317066588936,0.4813617381832308,0.6672089295930894,4.273242235183716,9285.39999999999,5.129368489832372,0,0.0,img01_20220429_ET358_56hpf_1.tif
6,6,7,895,8.3,3.069832402234637,0.0,0.965480043149946,27.86709270918408,0.7348052946010113,1.4743215239875582,0.6750958172250102,0.8445864137535779,2.8986328840255737,2747.5000000000023,3.161997175458956,0,0.0,img01_20220429_ET358_56hpf_1.tif
7,7,8,736,6.9,2.0634510869565217,0.0,0.832579185520362,30.742211599403568,0.4379409023456079,1.112342396166586,0.8013841290440702,0.5751386703617541,1.703320324420929,1518.6999999999994,1.7781861690328338,0,0.0,img01_20220429_ET358_56hpf_1.tif
8,8,9,122,4.2,1.3778688524590164,0.2,0.9242424242424242,11.70139673611772,0.4994468250106266,1.154275174790669,0.8514827026723281,0.932077420675863,1.2849609851837158,168.10000000000002,0.535125999187102,0,0.0,img01_20220429_ET358_56hpf_1.tif
9,9,10,60,1.9,0.8516666666666667,0.1,0.8450704225352113,6.52532888348145,0.8677672642613853,2.0121906598466843,0.4431168864145947,0.6600147972889556,0.806835949420929,51.1,0.1611836158192092,0,0.0,img01_20220429_ET358_56hpf_1.tif
10,10,11,2954,15.3,2.459749492213948,0.0,0.8022813688212928,43.160444166566045,0.9175834048575902,2.515449103280265,0.319093332812009,0.253205819256018,1.882617235183716,7266.100000000005,3.9498354942851943,0,0.0,img01_20220429_ET358_56hpf_1.tif
11,11,1,2145,7.444444444444445,1.9708365708365707,0.0,0.7973977695167286,49.56996851775811,0.647274576063606,1.311893620399578,0.6458072091026714,0.263550342927292,1.6458333730697632,4227.444444444448,1.6150107616110754,0,0.0,img02_20220429_ET358_56hpf_2.tif
12,12,2,1755,10.666666666666666,2.311047799936689,0.0,0.7503206498503634,38.390363531897854,0.8679010557786346,2.013137287289046,0.3741071463617307,0.3469883903297869,1.8958333730697632,4055.888888888886,2.719451830948657,0,0.0,img02_20220429_ET358_56hpf_2.tif
13,13,3,164,3.4444444444444446,1.1368563685636857,0.1111111111111111,0.8913043478260869,11.81036784920384,0.759482624198555,1.5372138207687749,0.6335174134158759,0.7783667898545522,1.1041666865348816,186.44444444444457,0.3934859593994703,0,0.0,img02_20220429_ET358_56hpf_2.tif
14,14,4,438,9.0,2.9992389649923896,0.0,0.9563318777292577,21.301246942575705,0.5897332612873618,1.2382396740658603,0.8016129875100114,0.9004317508264797,2.895833373069763,1313.666666666667,3.3069180849239914,0,0.0,img02_20220429_ET358_56hpf_2.tif
15,15,5,1994,8.777777777777779,1.9003120472528692,0.0,0.8385197645079899,37.7432921035246,0.8523823667285562,1.9123419933631849,0.4873316216523125,0.5051325839329687,1.5625000596046448,3789.22222222222,1.462426667861069,0,0.0,img02_20220429_ET358_56hpf_2.tif
16,16,6,182,5.555555555555555,1.9328449328449324,0.0,0.9238578680203046,11.978661856864528,0.7905550336109065,1.632943654296378,0.6056510812005432,0.8076857924485777,1.7708333730697632,351.77777777777777,1.5196450776561292,0,0.0,img02_20220429_ET358_56hpf_2.tif
17,17,7,184,3.6666666666666665,1.339371980676329,0.0,0.9019607843137256,10.777672198202849,0.8749612722948952,2.065292539084049,0.4728406966055826,0.7453168245460452,1.2291666865348816,246.4444444444445,0.4921713905241255,0,0.0,img02_20220429_ET358_56hpf_2.tif
18,18,8,625,5.0,1.1726222222222222,0.0,0.758495145631068,17.767135217321876,0.9384815585080092,2.8957862448757705,0.3006230793870535,0.3813857504006559,1.0208333730697632,732.8888888888894,0.4277946818613496,0,0.0,img02_20220429_ET358_56hpf_2.tif
19,19,9,183,3.111111111111111,1.0461445051608986,0.0,0.6559139784946236,13.947529158232944,0.8319098340370292,1.802091341376518,0.368818801615712,0.3674248778179257,1.0208333730697632,191.44444444444437,0.3016169555331667,0,0.0,img02_20220429_ET358_56hpf_2.tif
20,20,10,457,4.777777777777778,1.7345003646973014,0.0,0.9232323232323232,15.931044195331408,0.9022102757593576,2.318590902963279,0.426471072856367,0.6844697728619832,1.5625000596046448,792.6666666666669,1.0294744851701525,0,0.0,img02_20220429_ET358_56hpf_2.tif
21,21,11,72,2.6666666666666665,1.1496913580246912,0.2222222222222222,0.96,8.33646142656932,0.6557744441494436,1.3245789756285562,0.7518365074132948,1.035716232528903,1.0208333730697632,82.77777777777774,0.3860753685349417,0,0.0,img02_20220429_ET358_56hpf_2.tif
22,22,12,1751,8.444444444444445,1.9359730947395135,0.0,0.7403805496828753,32.300374635859754,0.927959617863998,2.6832616863227456,0.2967939792779198,0.2549642874571091,1.5625000596046448,3389.8888888888896,2.025464350429125,0,0.0,img02_20220429_ET358_56hpf_2.tif
23,23,13,223,3.0,1.0079720976581965,0.0,0.7585034013605442,14.142325933458228,0.8094040518014055,1.7028460598902195,0.489578705836909,0.3643092230995699,1.0208333730697632,224.7777777777777,0.2826633309941737,0,0.0,img02_20220429_ET358_56hpf_2.tif
24,24,14,2723,7.0,2.3780960541885987,0.0,0.8881278538812786,31.797390079355385,0.959179423643962,3.536090148859597,0.274238328939758,0.4629679029669546,2.2291667461395264,6475.555555555554,1.5982667866628557,0,0.0,img02_20220429_ET358_56hpf_2.tif
25,25,15,191,3.7777777777777777,1.3019197207678883,0.0,0.8603603603603603,10.194886698862163,0.9121493014132372,2.439868896998243,0.3930480963411273,0.6604427859749001,1.2291666865348816,248.66666666666688,0.5041411945609591,0,0.0,img02_20220429_ET358_56hpf_2.tif
26,26,1,846,2.9166666666666665,1.302469135802469,0.3333333333333333,0.7988668555240793,13.851757476776308,0.9867380400862532,6.160640136129863,0.1479173241004292,0.3315988583030247,1.2589518427848816,1101.8888888888885,0.2386821129698624,0,0.0,img03_20220429_ET358_56hpf_3.tif
27,27,2,1162,4.611111111111111,1.6811770893096192,0.3333333333333333,0.866517524235645,18.703809311771888,0.9755390935983516,4.5490521224160965,0.2043686558336797,0.4000410176366575,1.5356445908546448,1953.527777777775,0.7059008293220763,0,0.0,img03_20220429_ET358_56hpf_3.tif
28,28,3,90,1.3333333333333333,0.7932098765432097,0.3611111111111111,0.7563025210084033,9.035802462370606,0.7919673870582815,1.6378315669942152,0.5232156160192717,0.5021956745686778,0.7885742485523224,71.38888888888889,0.0347328185447204,0,0.0,img03_20220429_ET358_56hpf_3.tif
29,29,4,1428,2.2222222222222223,1.074910519763461,0.3055555555555556,0.9032258064516128,24.69262652678088,0.9452157137161804,3.063289986981444,0.3177807076475325,0.5191199462945202,1.0375977158546448,1534.9722222222226,0.1071312654007752,0,0.0,img03_20220429_ET358_56hpf_3.tif
30,30,5,2097,5.638888888888889,2.78862660944206,0.3611111111111111,0.9748953974895398,49.72786410020388,0.4045297895841535,1.0934640333114198,0.9030253290426368,0.8750111489809784,2.974446654319763,5847.750000000001,1.058031293088818,0,0.0,img03_20220429_ET358_56hpf_3.tif
31,31,6,1071,2.833333333333333,1.3456271397447868,0.2777777777777778,0.9045608108108107,19.04993764715533,0.965861637079518,3.860132219609547,0.2521785313586707,0.4822658307904779,1.3419596552848816,1441.1666666666674,0.1934696394999657,0,0.0,img03_20220429_ET358_56hpf_3.tif
32,32,7,2292,7.083333333333333,2.347282819468683,0.1666666666666666,0.6998473282442748,41.85802291217709,0.8968525557905094,2.2607574841330056,0.3258812359207803,0.2754014043179223,1.8953450918197632,5379.972222222215,2.4762594199432386,0,0.0,img03_20220429_ET358_56hpf_3.tif
33,33,8,295,2.25,1.0203389830508474,0.3888888888888889,0.855072463768116,13.409213231684898,0.9049347774180798,2.349898532397049,0.3782921425283611,0.5581405507483334,1.0099284052848816,301.0000000000001,0.0919937958443458,0,0.0,img03_20220429_ET358_56hpf_3.tif
34,34,9,116,1.75,0.8383620689655173,0.3333333333333333,0.6105263157894737,9.74048407385061,0.9300023550689752,2.7206919166806487,0.2103043684981771,0.3596618078362213,0.7885742485523224,97.25000000000006,0.0593612337349836,0,0.0,img03_20220429_ET358_56hpf_3.tif
35,35,10,152,2.305555555555556,1.0718201754385963,0.3888888888888889,0.8837209302325582,11.224860125074205,0.7847329920941248,1.6133353017881231,0.5901230212045996,0.7733340904092778,1.0652669668197632,162.9166666666668,0.1247592600660943,0,0.0,img03_20220429_ET358_56hpf_3.tif
36,36,11,59,1.4444444444444444,0.8954802259887005,0.3888888888888889,0.8428571428571429,8.175040237013198,0.5517013052136933,1.1989807214041697,0.7819120972804312,0.8141238523572782,0.8715820610523224,52.83333333333333,0.0726197047427322,0,0.0,img03_20220429_ET358_56hpf_3.tif
37,37,12,547,2.25,0.9685659150924232,0.3055555555555556,0.7206851119894598,23.433917660689858,0.7845909394310131,1.6128674406803285,0.4875400484326961,0.2844981438754095,0.9269205927848816,529.8055555555557,0.1177425649673266,0,0.0,img03_20220429_ET358_56hpf_3.tif
38,38,13,629,2.25,0.9960695990107754,0.2777777777777778,0.7941919191919192,15.849718060498162,0.9581837575959996,3.4946265791160687,0.2610454513492128,0.3415544480133178,0.9545898735523224,626.527777777778,0.1017221128647058,0,0.0,img03_20220429_ET358_56hpf_3.tif
39,39,14,437,2.2777777777777777,1.0019069412662087,0.3888888888888889,0.7734513274336283,17.839291965547805,0.8670482056249311,2.007128292626507,0.4339963361301921,0.4226812599595922,0.9822591245174408,437.83333333333377,0.1025030094423056,0,0.0,img03_20220429_ET358_56hpf_3.tif
40,40,15,123,1.4722222222222223,0.892728093947606,0.2777777777777778,0.7592592592592593,8.158347418638492,0.9320668961964786,2.760248556931527,0.3088264263595518,0.489145773104244,0.8992513120174408,109.80555555555556,0.0508920917229813,0,0.0,img03_20220429_ET358_56hpf_3.tif
41,41,16,63,1.6944444444444444,0.8567019400352732,0.3888888888888889,0.9130434782608696,6.628975101670474,0.8517963327898094,1.9088592863535725,0.5009680884480401,0.7565230850841328,0.7885742485523224,53.97222222222221,0.0725360003287129,2,0.0579795333161662,img03_20220429_ET358_56hpf_3.tif
42,42,17,65,1.4444444444444444,0.9247863247863248,0.3611111111111111,0.9027777777777778,7.266977840377833,0.8008063392906951,1.6696626726651191,0.5621579118519802,0.8650811231956068,0.9269205927848816,60.11111111111112,0.0586594106125356,0,0.0,img03_20220429_ET358_56hpf_3.tif
43,43,18,192,1.7222222222222223,0.907986111111111,0.3611111111111111,0.732824427480916,15.554066791796815,0.6304047564619105,1.2882172087989132,0.6088989643177843,0.4898213982429932,0.8715820610523224,174.33333333333331,0.07324692165988,0,0.0,img03_20220429_ET358_56hpf_3.tif
44,44,19,180,1.8888888888888888,0.860185185185185,0.2777777777777778,0.6474820143884892,5.9652262151909685,0.991194043163088,7.551877413318139,0.112932495499219,0.2425860673720873,0.8715820610523224,154.83333333333337,0.0635897303262289,0,0.0,img03_20220429_ET358_56hpf_3.tif
45,45,20,367,1.7222222222222223,0.8635331516802905,0.3888888888888889,0.7399193548387096,11.179466367771065,0.9723935124308618,4.285461919488094,0.2035817084920833,0.2422076860969351,0.8439127802848816,316.9166666666667,0.0583662420926608,0,0.0,img03_20220429_ET358_56hpf_3.tif
46,46,21,129,2.0,1.0215331610680447,0.3888888888888889,0.8716216216216216,11.637504566481772,0.6360836393050009,1.2959745073186515,0.722083103236719,0.8015727226936928,0.9545898735523224,131.77777777777777,0.1077261804359275,0,0.0,img03_20220429_ET358_56hpf_3.tif
47,47,22,86,1.3888888888888888,0.7994186046511628,0.1666666666666666,0.8514851485148515,8.719076571432074,0.7679437780852709,1.561238190699281,0.5909207682664782,0.6882033546932769,0.8162434995174408,68.74999999999999,0.0602469346911892,0,0.0,img03_20220429_ET358_56hpf_3.tif
48,48,23,534,2.2222222222222223,1.0630461922596752,0.3611111111111111,0.7934621099554234,12.477400418114552,0.9794635924763634,4.959798168491047,0.1775313857198515,0.37111882826263,1.0375977158546448,567.6666666666664,0.123898571646814,0,0.0,img03_20220429_ET358_56hpf_3.tif
49,49,24,96,1.7777777777777777,0.8816550925925926,0.3611111111111111,0.9056603773584906,7.901158635500839,0.8674642367963703,2.0100520871424266,0.4846019592339236,0.7308742709481018,0.8992513120174408,84.63888888888889,0.0652411434643707,0,0.0,img03_20220429_ET358_56hpf_3.tif
50,50,25,106,2.4444444444444446,1.0859538784067084,0.4444444444444444,0.9217391304347826,9.916454373264433,0.6992895902719328,1.398917394465517,0.701324494373125,0.8770863958467844,1.0652669668197632,115.11111111111116,0.1560630261888112,0,0.0,img03_20220429_ET358_56hpf_3.tif
51,51,26,1504,3.361111111111111,1.1481419917257685,0.3333333333333333,0.6356720202874049,28.75836261031373,0.9529278117321912,3.2981827114124505,0.2128532190061124,0.1700023757910805,1.0652669668197632,1726.8055555555566,0.2157742698949993,0,0.0,img03_20220429_ET358_56hpf_3.tif
52,52,27,957,3.4722222222222223,1.6681179612214094,0.2777777777777778,0.9264278799612778,17.994887605167417,0.9663604379960378,3.8881523158422073,0.248907074252046,0.5154021621633171,1.6463216543197632,1596.3888888888898,0.4109485475665363,0,0.0,img03_20220429_ET358_56hpf_3.tif
53,53,28,132,1.4166666666666667,0.8413299663299663,0.3611111111111111,0.8407643312101911,11.450643277841284,0.7055519634322804,1.4111175422138829,0.6437213266555311,0.6067945578278982,0.8439127802848816,111.05555555555556,0.0492593806313059,0,0.0,img03_20220429_ET358_56hpf_3.tif
54,54,1,362,2.0869565217391304,0.8868604371847225,0.0434782608695652,0.8497652582159625,13.941434322105364,0.9188199320508362,2.5337174600487566,0.3693919327423067,0.4819412745461471,0.864385187625885,321.0434782608695,0.090070735208563,0,0.0,img05_20220513_ET358_56hpf_1.tif
55,55,2,1748,4.217391304347826,1.6897821112327132,0.1739130434782608,0.9546695794647734,30.206370317411803,0.9151726508756652,2.48100755443145,0.396276472936208,0.6726415040676632,1.65922212600708,2953.739130434779,0.3675630135590575,0,0.0,img05_20220513_ET358_56hpf_1.tif
56,56,3,162,1.9565217391304348,0.9192163177670424,0.2608695652173913,0.7980295566502463,10.329634413468796,0.8895631781184051,2.1890835693635946,0.4033950345510059,0.4827088444949021,0.9041270315647124,148.91304347826085,0.0901235727541857,0,0.0,img05_20220513_ET358_56hpf_1.tif
57,57,4,3980,5.086956521739131,1.670308062049377,0.1304347826086956,0.8754949406071272,49.170443002083694,0.9018030394510752,2.31402586358265,0.3914249737521497,0.4368461703598338,1.55986750125885,6647.826086956518,0.5598292919637974,0,0.0,img05_20220513_ET358_56hpf_1.tif
58,58,5,91,1.565217391304348,0.8686096512183469,0.3043478260869565,0.8504672897196262,9.339712486148164,0.7655855636194986,1.554402329196691,0.5497403568474474,0.673253330757936,0.8246433436870575,79.04347826086958,0.0744372199948754,0,0.0,img05_20220513_ET358_56hpf_1.tif
59,59,6,131,2.260869565217391,0.9697975439761036,0.4347826086956521,0.8733333333333333,7.830658812735164,0.9360383422625852,2.8417323247832305,0.3368359801048363,0.602197629359505,0.9041270315647124,127.04347826086948,0.1059442527198206,0,0.0,img05_20220513_ET358_56hpf_1.tif
60,60,7,3527,3.565217391304348,1.3016235006964905,0.1739130434782608,0.8121114437025098,44.35401277782407,0.9274392294755318,2.6739834198292645,0.3192510421658759,0.3103744181840679,1.261803686618805,4590.826086956523,0.2441175047763252,0,0.0,img05_20220513_ET358_56hpf_1.tif
61,61,8,1666,3.130434782608696,1.0587974320162847,0.0869565217391304,0.7929557353641123,32.84619829156086,0.8891288375840602,2.185042611573856,0.4118082789647582,0.2505267738960844,1.0034816563129425,1763.9565217391312,0.1785636402417712,0,0.0,img05_20220513_ET358_56hpf_1.tif
62,62,9,222,1.434782608695652,0.8127692910301605,0.217391304347826,0.6626865671641791,18.12019269009876,0.6146941119053687,1.267803791706534,0.5355911314417499,0.1862179355464127,0.7849014699459076,180.4347826086956,0.0692775677764001,0,0.0,img05_20220513_ET358_56hpf_1.tif
63,63,10,64,1.608695652173913,0.859375,0.391304347826087,0.7191011235955056,9.385549858686876,0.4959911058171978,1.1516390802904868,0.6974898022219512,0.5639574954708216,0.7849014699459076,55.00000000000002,0.0684575381822541,0,0.0,img05_20220513_ET358_56hpf_1.tif
64,64,11,89,1.9130434782608696,0.8578407425500733,0.3043478260869565,0.7807017543859649,8.151473235096251,0.8776431552537187,2.08631238516253,0.3918043370284981,0.5555032638054471,0.8246433436870575,76.34782608695654,0.1068810811541418,0,0.0,img05_20220513_ET358_56hpf_1.tif
65,65,12,932,4.782608695652174,1.425499160291099,0.1739130434782608,0.7786131996658312,23.419125921648853,0.9227805349787648,2.5952054662189767,0.3212485476646601,0.3513305134999984,1.1823199391365051,1328.5652173913054,0.708262371409184,0,0.0,img05_20220513_ET358_56hpf_1.tif
66,66,13,565,2.3043478260869565,1.0013081954597922,0.2608695652173913,0.7133838383838383,16.01133242166855,0.963131356809985,3.7170357859739385,0.2031000981392239,0.298226589334579,0.963739812374115,565.7391304347825,0.1308788443858173,0,0.0,img05_20220513_ET358_56hpf_1.tif
67,67,14,97,2.0869565217391304,1.0049305244285074,0.3043478260869565,0.9326923076923076,8.202047519479255,0.8415346167990724,1.8511552961348667,0.5357369278857294,0.8918041228682748,0.963739812374115,97.4782608695652,0.1188120781608299,0,0.0,img05_20220513_ET358_56hpf_1.tif
68,68,15,1071,3.130434782608696,1.1977428652620468,0.1304347826086956,0.9099405267629568,23.126225588081205,0.9261378803453776,2.6512179440926213,0.3627431441712814,0.6007096175325546,1.1823199391365051,1282.782608695651,0.1696823023092386,0,0.0,img05_20220513_ET358_56hpf_1.tif
69,69,16,117,2.1739130434782608,1.041620215533259,0.0869565217391304,0.8297872340425532,10.325318178247224,0.7452113063263824,1.4996361985861677,0.6213227610053863,0.6884360074265609,0.963739812374115,121.86956521739133,0.1914605684894449,0,0.0,img05_20220513_ET358_56hpf_1.tif
70,70,17,96,1.608695652173913,0.8179347826086957,0.1739130434782608,0.732824427480916,6.626266020059806,0.9563515498936368,3.422095593603021,0.2377165086503021,0.4062800668973662,0.8246433436870575,78.5217391304348,0.0622152024674158,0,0.0,img05_20220513_ET358_56hpf_1.tif
71,71,18,675,1.8695652173913044,0.8208695652173913,0.1304347826086956,0.6490384615384616,25.950873469846623,0.8513036140192894,1.9059476546031244,0.351307962504374,0.0903809807655631,0.7849014699459076,554.0869565217398,0.0751243317832742,0,0.0,img05_20220513_ET358_56hpf_1.tif
72,72,19,78,1.826086956521739,0.9152731326644372,0.3478260869565217,0.9069767441860463,7.141641311872191,0.8625340646673225,1.9762884934386744,0.4985491374240231,0.8290334614869912,0.9041270315647124,71.3913043478261,0.1029581634496562,0,0.0,img05_20220513_ET358_56hpf_1.tif
73,73,1,252,1.4918032786885247,0.8455633619568046,0.3934426229508196,0.8571428571428571,9.297081516926736,0.9666719092059106,3.90596929380822,0.2433098729869701,0.448668684967667,0.8409643769264221,213.08196721311472,0.0364351919903428,0,0.0,img06_20220513_ET358_56hpf_2.tif
74,74,2,232,1.9672131147540983,0.9841011871113624,0.5409836065573771,0.9027237354085604,9.812314400536348,0.9486460050232612,3.1611594846976745,0.3070169683563996,0.6085831840806869,0.9715996384620668,228.31147540983616,0.0620472651338933,0,0.0,img06_20220513_ET358_56hpf_2.tif
75,75,3,147,1.540983606557377,0.8299319727891157,0.3934426229508196,0.8076923076923077,6.750252765363149,0.975882512887594,4.5809274488955465,0.1957404377645487,0.4484115645841018,0.8246349692344666,121.99999999999994,0.0373931403193053,0,0.0,img06_20220513_ET358_56hpf_2.tif
76,76,4,321,1.7540983606557377,0.9763035595730556,0.3934426229508196,0.9067796610169492,16.708593793252934,0.7646795513012992,1.5518053309908608,0.6079402115099767,0.732988465517899,0.9715996384620668,313.39344262295066,0.0638145793722767,0,0.0,img06_20220513_ET358_56hpf_2.tif
77,77,5,4245,4.180327868852459,2.186912278669216,0.2950819672131147,0.7676311030741411,48.17155539523481,0.9350115066613712,2.8199407909960867,0.2929048042580935,0.3515357576840819,1.9187051653862,9283.442622950848,1.1613927592646245,0,0.0,img06_20220513_ET358_56hpf_2.tif
78,78,6,514,1.721311475409836,0.917394909740384,0.3442622950819672,0.927797833935018,20.45993389600962,0.7866476486365033,1.6196897250566569,0.5959380711105747,0.7443323589177354,0.9226114153862,471.5409836065576,0.0423973841056363,0,0.0,img06_20220513_ET358_56hpf_2.tif
79,79,7,270,2.9672131147540983,1.266909532483303,0.3934426229508196,0.9246575342465754,16.68406690007767,0.600243831069535,1.250285895648442,0.7900441717978832,0.8574229942655996,1.1348937153816223,342.0655737704916,0.2810778645139846,0,0.0,img06_20220513_ET358_56hpf_2.tif
80,80,8,484,3.6885245901639343,1.3642460371223413,0.4098360655737705,0.7670364500792393,16.496417054211587,0.92241991706561,2.589409586961731,0.337733951814958,0.436192856051226,1.2328701615333555,660.2950819672133,0.3647379820780851,0,0.0,img06_20220513_ET358_56hpf_2.tif
81,81,9,144,1.540983606557377,0.9015255009107468,0.4426229508196721,0.9230769230769232,10.342260090723034,0.8187310939438994,1.7416227826582196,0.565110667669567,0.8117932187106066,0.8899526000022888,129.81967213114748,0.0382350654958833,0,0.0,img06_20220513_ET358_56hpf_2.tif
82,82,10,223,2.622950819672131,1.109681687862971,0.4590163934426229,0.7964285714285714,15.122417909602516,0.7790519445319802,1.5949996560911834,0.4880353975704203,0.5557108468393288,1.036917269229889,247.45901639344265,0.1391755706281296,0,0.0,img06_20220513_ET358_56hpf_2.tif
83,83,11,1077,2.3114754098360657,1.0114008249996196,0.4098360655737705,0.6777847702957835,29.49145254321936,0.9083114323322232,2.3906598056540083,0.2758658461764925,0.3006400903654818,0.9552702307701112,1089.2786885245891,0.1054114914212925,0,0.0,img06_20220513_ET358_56hpf_2.tif
84,84,12,154,1.7377049180327868,0.9932935916542474,0.4098360655737705,0.9506172839506172,12.538352744190467,0.6050731290947662,1.2560133219821137,0.7906083199616889,0.9823415503634044,0.9552702307701112,152.96721311475406,0.0670584147432565,0,0.0,img06_20220513_ET358_56hpf_2.tif
85,85,13,208,2.622950819672131,1.2813682219419924,0.4262295081967213,0.9369369369369368,12.53071914719755,0.8115299799127744,1.7114180129058072,0.5758498576914372,0.8521035741452083,1.2818583846092224,266.5245901639344,0.1720986155190379,0,0.0,img06_20220513_ET358_56hpf_2.tif
86,86,14,253,2.0163934426229506,1.0757467763882589,0.3442622950819672,0.834983498349835,16.615018025956395,0.6418191266867465,1.3040256954097462,0.6862094712340209,0.6537941002662643,1.0205878615379331,272.16393442622973,0.1136552014121127,0,0.0,img06_20220513_ET358_56hpf_2.tif
87,87,15,1884,2.377049180327869,1.1816939890710385,0.3770491803278688,0.9524772497472194,31.79801200818573,0.9092468261757796,2.40235979060009,0.4110692385453418,0.6570393408940199,1.183881938457489,2226.311475409834,0.0918208501084962,0,0.0,img06_20220513_ET358_56hpf_2.tif
88,88,16,82,1.4426229508196722,0.9626149540183928,0.4262295081967213,0.9647058823529412,8.749181198456679,0.6805919028948636,1.364884512745163,0.7321453985630281,1.0347852038717007,0.9552702307701112,78.93442622950818,0.0604263050901881,0,0.0,img06_20220513_ET358_56hpf_2.tif
89,89,17,66,1.639344262295082,0.8802781917536016,0.5245901639344263,0.9166666666666666,6.449422630279441,0.8727420574259674,2.0484179333023533,0.481476662310173,0.8646803826429232,0.8572937846183777,58.09836065573771,0.051086099245196,0,0.0,img06_20220513_ET358_56hpf_2.tif
90,90,18,198,1.5901639344262295,0.9577744659711872,0.4426229508196721,0.908256880733945,10.488988532235998,0.9042137233634616,2.341480302669368,0.4179526376068584,0.7179366621072196,0.9389408230781556,189.639344262295,0.0565869985230826,0,0.0,img06_20220513_ET358_56hpf_2.tif
91,91,19,101,1.3278688524590163,0.8136666125628956,0.3934426229508196,0.7829457364341085,7.628177054456564,0.9205020221387262,2.559260976634996,0.3374122249554381,0.5367460231422188,0.8246349692344666,82.18032786885246,0.0338764997166208,0,0.0,img06_20220513_ET358_56hpf_2.tif
92,92,20,145,1.8688524590163933,0.991294516676088,0.4098360655737705,0.9006211180124224,9.405727097723627,0.8833359849705883,2.1333771459551043,0.4585198024658435,0.7783239439747797,0.9715996384620668,143.73770491803276,0.0811462538908822,0,0.0,img06_20220513_ET358_56hpf_2.tif
93,93,21,177,1.836065573770492,1.0378808928406038,0.4590163934426229,0.921875,10.628937267124911,0.8760949156997017,2.0740920793817352,0.4637112489471249,0.7387751807634411,1.0042584538459778,183.7049180327868,0.0825503738067128,0,0.0,img06_20220513_ET358_56hpf_2.tif
94,94,22,128,1.7540983606557377,0.9258452868852458,0.5409836065573771,0.9078014184397164,11.19622443125739,0.6699997070261247,1.3470528646387838,0.7164858499408543,0.8613643818276148,0.9226114153862,118.50819672131142,0.0410395344734187,0,0.0,img06_20220513_ET358_56hpf_2.tif
95,95,23,758,2.344262295081968,1.014144210389723,0.3934426229508196,0.6954128440366972,21.62429394050348,0.9364488612483044,2.850593662897748,0.253994797596706,0.2272068679527932,0.9552702307701112,768.721311475409,0.1107462592692058,0,0.0,img06_20220513_ET358_56hpf_2.tif
96,96,24,964,1.6065573770491803,0.8801952248146385,0.2622950819672131,0.8827838827838828,29.04350146192082,0.7598468643946517,1.5382199155237093,0.6149677566832114,0.4790263899504431,0.8736231923103333,848.5081967213115,0.044746593284491,0,0.0,img06_20220513_ET358_56hpf_2.tif
97,97,25,70,1.5737704918032789,0.8046838407494145,0.4918032786885246,0.8045977011494253,6.51106865281518,0.898882154299122,2.282112707480407,0.403672747854238,0.6569591784257478,0.7756467759609222,56.32786885245904,0.0320448598214035,0,0.0,img06_20220513_ET358_56hpf_2.tif
98,98,26,169,1.9344262295081969,1.0582985740614996,0.5081967213114754,0.8802083333333334,13.289077082879608,0.6499840508696759,1.3158797685345232,0.7036792789197559,0.7697201042578087,1.036917269229889,178.8524590163934,0.0980658616736606,0,0.0,img06_20220513_ET358_56hpf_2.tif
99,99,27,66,1.2950819672131149,0.9068554396423252,0.4590163934426229,0.9166666666666666,7.527243495194676,0.7423219186264708,1.4924406202323848,0.6658677824469331,0.9494065464848276,0.9226114153862,59.852459016393446,0.0401476781750901,0,0.0,img06_20220513_ET358_56hpf_2.tif
100,100,28,219,1.8032786885245904,0.903810165431544,0.3442622950819672,0.8656126482213439,12.797766884583014,0.8541027531569412,1.9226912607528828,0.4605393447165711,0.6491164148955725,0.8736231923103333,197.9344262295082,0.050177839903637,0,0.0,img06_20220513_ET358_56hpf_2.tif
101,101,29,628,2.7540983606557377,1.3958964185026626,0.4426229508196721,0.9429429429429428,16.76394909594002,0.9382292547165147,2.890054330600967,0.3406474020353238,0.6359496818137451,1.4288230538368225,876.622950819672,0.1740566944439691,0,0.0,img06_20220513_ET358_56hpf_2.tif
102,102,30,109,1.4098360655737705,0.8399759362310122,0.3770491803278688,0.8582677165354331,7.290117935274446,0.9291986239557544,2.705768765106165,0.3566860711738215,0.6038405920383143,0.8409643769264221,91.55737704918036,0.0361257879829629,0,0.0,img06_20220513_ET358_56hpf_2.tif
103,103,31,52,1.360655737704918,0.8168348045397226,0.4426229508196721,0.7878787878787878,7.833164519462745,0.6984492592444621,1.3973123955568412,0.5526522502329557,0.7111071862862687,0.808305561542511,42.47540983606559,0.0370522488035171,0,0.0,img06_20220513_ET358_56hpf_2.tif
104,104,32,440,2.1311475409836067,1.1544709388971683,0.4262295081967213,0.8678500986193294,13.688757661480706,0.9497977918504203,3.19627253404159,0.2926490504495143,0.5747417505298238,1.151223123073578,507.967213114754,0.1064581267357605,0,0.0,img06_20220513_ET358_56hpf_2.tif
105,105,33,1667,2.4918032786885247,1.2184645038205475,0.3114754098360656,0.8518140010219724,28.98287243659725,0.9282963619478656,2.689320197073603,0.3493637501928552,0.4377641304697189,1.2002113461494446,2031.180327868856,0.1335834210983837,0,0.0,img06_20220513_ET358_56hpf_2.tif
106,106,34,225,1.9508196721311477,1.05551912568306,0.4262295081967213,0.8620689655172413,11.496490437413955,0.9007034387531855,2.3018430887078707,0.4090822547526242,0.6550608959416084,1.0532466769218445,237.4918032786886,0.0806803086727841,0,0.0,img06_20220513_ET358_56hpf_2.tif
107,107,35,370,1.901639344262295,0.889587948604342,0.4426229508196721,0.8851674641148325,14.23216244764072,0.9135569191906402,2.4587489599060017,0.384717267886964,0.6049493456869187,0.8736231923103333,329.1475409836065,0.047790022965855,0,0.0,img06_20220513_ET358_56hpf_2.tif
108,108,1,82,1.9772727272727275,1.0196784922394675,0.4545454545454545,0.942528735632184,9.271567322457038,0.5813591366447382,1.229034107148445,0.8040624636323985,0.997411239597103,0.9621360003948212,83.61363636363635,0.1061723573502951,0,0.0,img08_20220513_ET358_56hpf_4.tif
109,109,2,4293,5.75,1.5884897189928635,0.2272727272727272,0.7515756302521008,67.92045369037913,0.7460013703593797,1.5016268430216673,0.5254674325300703,0.2601891334614979,1.482821345329285,6819.38636363636,0.5408513185290851,0,0.0,img08_20220513_ET358_56hpf_4.tif
110,110,3,1126,2.9545454545454546,1.2659252381721298,0.3181818181818182,0.9008,32.66260786088761,0.6899228615032554,1.3814389141983896,0.7041795751120926,0.6327595361865072,1.2111594080924988,1425.4318181818194,0.2253416618143247,0,0.0,img08_20220513_ET358_56hpf_4.tif
111,111,4,2542,5.795454545454546,1.7516719118804092,0.25,0.8541666666666666,43.4408449033776,0.83395563990451,1.8121474082735447,0.5222784341491084,0.445296113434445,1.4149059057235718,4452.750000000004,1.167075914406426,0,0.0,img08_20220513_ET358_56hpf_4.tif
112,112,5,2200,2.522727272727273,1.338595041322314,0.3636363636363636,0.9561060408518036,44.5772603539858,0.709928300063578,1.419901996633646,0.6991805071100404,0.8120715394099425,1.346990406513214,2944.9090909090883,0.1308716567089289,0,0.0,img08_20220513_ET358_56hpf_4.tif
113,113,6,2762,5.795454545454546,1.9114031334342705,0.3181818181818182,0.6741518184037101,48.86771126213667,0.8904443953036081,2.197357629456337,0.3049918979878321,0.3216494568161285,1.596013844013214,5279.295454545457,1.1866434359590667,0,0.0,img08_20220513_ET358_56hpf_4.tif
114,114,7,539,3.0681818181818183,0.9555995952099848,0.1818181818181818,0.7527932960893855,18.32563650374943,0.933514479661428,2.789091419530231,0.2626970820378702,0.2792310077102268,0.9168590009212494,515.0681818181821,0.1188744666169335,38,0.249559999180223,img08_20220513_ET358_56hpf_4.tif
115,115,8,52,1.2272727272727273,0.8011363636363635,0.3863636363636363,0.912280701754386,6.994067176666897,0.7309102884056223,1.4652582446068672,0.6304135165945411,0.898324390064651,0.8036665618419647,41.65909090909091,0.0341491451952681,0,0.0,img08_20220513_ET358_56hpf_4.tif
116,116,9,83,1.7272727272727273,0.9153888280394306,0.3409090909090909,0.8924731182795699,8.692849634229837,0.7161475052734939,1.432769525262276,0.6812573565161433,0.8630621420211577,0.9168590009212494,75.97727272727272,0.0678456114318186,0,0.0,img08_20220513_ET358_56hpf_4.tif
117,117,10,66,1.3863636363636365,0.8553719008264463,0.4545454545454545,0.8918918918918919,8.487432783662415,0.5774120178326787,1.2248103744748862,0.7776132387467249,0.8420070431686324,0.8489435315132141,56.45454545454545,0.0381378951626885,0,0.0,img08_20220513_ET358_56hpf_4.tif
118,118,1,80,1.3064516129032258,0.8717741935483871,0.4354838709677419,0.8888888888888888,7.724168683146559,0.8366025621277721,1.825449344276949,0.5123385500370014,0.7951801418358099,0.859532505273819,69.74193548387098,0.0330608938473896,0,0.0,img10_20220513_ET358_56hpf_6.tif
119,119,2,206,2.7096774193548385,1.1428124021296586,0.3870967741935484,0.9155555555555556,11.556263652065848,0.8710067244889111,2.035536012925488,0.4740071308494865,0.7123100204755467,1.0683908462524414,235.41935483870975,0.1702642459175657,0,0.0,img10_20220513_ET358_56hpf_6.tif
120,120,3,155,1.967741935483871,1.068054110301769,0.4032258064516129,0.8707865168539326,12.0793299301411,0.7300454170350003,1.4632748068402408,0.631690490119983,0.7599237565789231,1.0523248314857483,165.54838709677418,0.1115628706830755,0,0.0,img10_20220513_ET358_56hpf_6.tif
121,121,4,61,1.6129032258064515,0.9727657324167108,0.5806451612903226,0.8714285714285714,6.75664414053491,0.8254063404998072,1.7713565545576748,0.5422079538702698,0.8437070145438514,0.9559286534786224,59.33870967741936,0.0496491587201402,0,0.0,img10_20220513_ET358_56hpf_6.tif
122,122,5,103,1.7419354838709675,0.9635139367366112,0.4677419354838709,0.865546218487395,10.06806742590918,0.7187777519340021,1.4383523937196547,0.62535195477906,0.7841671865380674,0.9077305495738984,99.24193548387096,0.0786046049103698,0,0.0,img10_20220513_ET358_56hpf_6.tif
123,123,6,57,1.2419354838709675,0.9190718732314656,0.4838709677419355,0.8142857142857143,7.544242745953358,0.7417073792566811,1.4909270857062566,0.5736418887774339,0.8031374905101946,0.9077305495738984,52.38709677419355,0.0340557754949286,0,0.0,img10_20220513_ET358_56hpf_6.tif
124,124,7,2904,3.5,1.7437960988180927,0.4032258064516129,0.753502854177478,56.38172695274893,0.765370997704125,1.553785839965973,0.4817787760896998,0.4278541052988939,1.727097988128662,5063.983870967741,0.3950501127711071,0,0.0,img10_20220513_ET358_56hpf_6.tif
125,125,8,81,2.5161290322580645,1.2887295898048587,0.3548387096774194,0.9418604651162792,9.039366439486122,0.6140938293621913,1.2670529077345891,0.7861938698745949,1.0221658721171678,1.2451171875,104.38709677419357,0.2674662131781457,0,0.0,img10_20220513_ET358_56hpf_6.tif
126,126,9,3238,4.112903225806452,2.134934945904481,0.3870967741935484,0.8160282258064516,45.35828174448079,0.90883522793888,2.397188878032175,0.3487139057985799,0.3131487365987856,1.9520223736763,6912.91935483872,1.0999822012394749,0,0.0,img10_20220513_ET358_56hpf_6.tif
127,127,10,2392,3.725806451612903,1.6518435106268208,0.3548387096774194,0.8452296819787986,50.55236330036686,0.707329102418363,1.4146584846124697,0.5955046399373929,0.3356902615543727,1.6467678546905518,3951.209677419354,0.3616969844665681,0,0.0,img10_20220513_ET358_56hpf_6.tif
128,128,11,1657,4.112903225806452,2.487472501800767,0.3225806451612903,0.9729888432178508,44.36403681612104,0.4115586683280889,1.097233221531115,0.8903743001585837,0.8575652039078596,2.707125663757324,4121.741935483869,0.8212848464525743,0,0.0,img10_20220513_ET358_56hpf_6.tif
129,129,12,2185,2.161290322580645,1.0404665239536428,0.3387096774193548,0.9333618111917984,51.59332969216697,0.3857845666754197,1.0839063921574743,0.8895920458598895,0.6917015445717412,1.0362588167190552,2273.419354838711,0.0700570981621781,0,0.0,img10_20220513_ET358_56hpf_6.tif
130,130,13,111,1.2096774193548387,0.8057250799186282,0.4354838709677419,0.7762237762237763,8.411282637854091,0.9078587394882373,2.3850627932411768,0.3511632093233873,0.4812947136055581,0.8113344013690948,89.4354838709677,0.027671872989251,0,0.0,img10_20220513_ET358_56hpf_6.tif
131,131,14,887,1.6774193548387095,0.9242826490162562,0.3225806451612903,0.8455672068636797,21.41617647996757,0.9306145072050598,2.732233920692846,0.3298481912030653,0.3435468877444313,0.8916645348072052,819.8387096774189,0.0471721644506006,18,0.1037759318976976,img10_20220513_ET358_56hpf_6.tif
132,132,1,310,2.5384615384615383,1.1259305210918114,0.2307692307692307,0.8587257617728532,13.368435017129856,0.907351711412146,2.3788436979137386,0.3902823025763999,0.5667661609065943,1.0152494311332705,349.03846153846143,0.2509320653970019,0,0.0,img12_20220513_ET358_56hpf_8.tif
133,133,2,5404,9.807692307692308,2.510384046005808,0.0769230769230769,0.6022511980385601,93.6562278093057,0.5454345633209068,1.1930990069110408,0.551060354303947,0.1057931431804731,1.896409273147583,13566.11538461538,4.052383535445168,0,0.0,img12_20220513_ET358_56hpf_8.tif
134,134,3,109,1.4230769230769231,0.8076923076923078,0.2692307692307692,0.6770186335403726,7.115137065975675,0.9586068345072694,3.5120609744075657,0.2222521549306546,0.3874781907425443,0.8236929476261139,88.03846153846152,0.0624863028709183,0,0.0,img12_20220513_ET358_56hpf_8.tif
135,135,4,1385,6.307692307692308,2.0030824770896976,0.3076923076923077,0.78827546955037,38.23583691687926,0.7694258466313828,1.565591681962138,0.4921094222288813,0.5061268262929242,1.7431641221046448,2774.2692307692287,1.2616505882647848,0,0.0,img12_20220513_ET358_56hpf_8.tif
136,136,5,163,3.1923076923076925,1.4285040113260974,0.2307692307692307,0.9421965317919077,10.052158613130668,0.8757652725592552,2.0715205627982107,0.4786307098401423,0.8292990574783702,1.398362398147583,232.8461538461538,0.3250762893676227,0,0.0,img12_20220513_ET358_56hpf_8.tif
137,137,6,1400,3.8846153846153846,1.5954395604395606,0.1153846153846153,0.9216589861751152,40.191952910098514,0.4635518089028941,1.1285792393561804,0.8663548730349786,0.5360212469732336,1.6282302141189575,2233.6153846153843,0.3539188147312092,0,0.0,img12_20220513_ET358_56hpf_8.tif
138,138,7,2876,8.23076923076923,4.158486680218251,0.1538461538461538,0.9602671118530884,36.52791025384137,0.9345700907636644,2.810733089893131,0.347384257140039,0.6303915978596965,4.654822826385498,11959.807692307688,3.5557721292364497,0,0.0,img12_20220513_ET358_56hpf_8.tif
139,139,8,57,1.6923076923076923,0.9244264507422404,0.3846153846153846,0.8382352941176471,5.536008835973931,0.9136910232733928,2.46057216237094,0.3911282748341054,0.7193019100083772,0.900315523147583,52.69230769230771,0.0993747312067145,0,0.0,img12_20220513_ET358_56hpf_8.tif
140,140,9,247,3.8461538461538463,0.9683899096854562,0.1538461538461538,0.6842105263157895,10.928953397010789,0.9590116066304714,3.5289950378745347,0.2114208567392709,0.3224054726367633,0.900315523147583,239.1923076923077,0.1694698726567069,0,0.0,img12_20220513_ET358_56hpf_8.tif
141,141,10,69,1.5769230769230769,0.903010033444816,0.2307692307692307,0.8846153846153846,6.215781474590019,0.904521406093036,2.345060564835842,0.4134848548221101,0.7590170168822993,0.8620042502880096,62.30769230769232,0.0825186519166453,0,0.0,img12_20220513_ET358_56hpf_8.tif
142,142,11,143,2.1923076923076925,1.051102743410436,0.3461538461538461,0.7295918367346939,10.57125753741961,0.9143460195922148,2.469539660700628,0.2671534819728087,0.4507205587651682,1.0152494311332705,150.30769230769232,0.1544248734014544,25,0.3856070868622341,img12_20220513_ET358_56hpf_8.tif
143,143,1,55,4.833333333333333,1.3727272727272728,0.0,0.9166666666666666,7.812482637968172,0.5462333553418754,1.193840194725632,0.805011869914872,0.9852884032416418,1.3447265625,75.5,0.8332959221848105,8,0.287861544422366,img13_20220513_ET358_56hpf_9.tif
144,144,2,74,3.5,1.054054054054054,0.0,0.8705882352941177,8.685710995447984,0.6521556102835719,1.3191130708313654,0.7177398200803105,0.8572855184422171,1.0458984375,77.99999999999999,0.4506149985602037,0,0.0,img13_20220513_ET358_56hpf_9.tif
145,145,3,1523,25.5,4.846793609104838,0.0,0.7592223330009971,32.05489490668899,0.8850216758370323,2.1479978312503887,0.4090285571016508,0.3143000119106172,2.6396484375,7381.666666666671,24.64963984370845,0,0.0,img13_20220513_ET358_56hpf_9.tif
146,146,4,51,2.833333333333333,1.1666666666666667,0.0,0.9107142857142856,7.502411012253575,0.5328439927616282,1.1817348762797026,0.8261111485334359,0.9682123483556624,1.1455078125,59.50000000000001,0.4977777777777769,0,0.0,img13_20220513_ET358_56hpf_9.tif
147,147,5,106,2.5,1.028301886792453,0.1666666666666666,0.7851851851851852,9.3060754013573,0.8336272042161561,1.8105199757692585,0.4754186431126425,0.558549690341396,1.0458984375,109.00000000000004,0.2901966656683634,0,0.0,img13_20220513_ET358_56hpf_9.tif
148,148,6,519,5.333333333333333,1.043673731535003,0.0,0.674025974025974,18.20409855206258,0.9101463578597884,2.4137863935829658,0.3422484191296151,0.2162963149544002,1.0458984375,541.6666666666663,0.4428551177106102,0,0.0,img13_20220513_ET358_56hpf_9.tif
149,149,7,51,2.5,0.9640522875816996,0.0,0.7611940298507462,7.016199848037417,0.7987207697382095,1.661952640371641,0.4775722739378679,0.6787559581996299,0.8466796875,49.16666666666668,0.2670152505446622,0,0.0,img13_20220513_ET358_56hpf_9.tif
150,150,8,68,3.1666666666666665,1.1348039215686274,0.1666666666666666,0.9066666666666666,7.125333322583916,0.8188105986985401,1.741966773132334,0.5619904385712868,0.9050079442661734,1.0458984375,77.16666666666666,0.3791520339479073,0,0.0,img13_20220513_ET358_56hpf_9.tif
151,151,9,59,2.833333333333333,1.1271186440677965,0.0,0.855072463768116,7.84008469545067,0.6248184611736421,1.2807868128705282,0.7450182764998133,0.84871191276674,1.0458984375,66.50000000000001,0.4342327423858685,0,0.0,img13_20220513_ET358_56hpf_9.tif
152,152,10,1012,6.833333333333333,1.3720355731225296,0.0,0.7151943462897526,18.32838375770579,0.9754905630786456,4.54460197994768,0.1857165406579669,0.2225012901300631,1.1455078125,1388.5000000000005,0.7518526717742953,0,0.0,img13_20220513_ET358_56hpf_9.tif
153,153,11,217,5.333333333333333,1.424731182795699,0.0,0.8314176245210728,10.919768896160516,0.9223675556937222,2.5885714428135937,0.3457981350869143,0.5077478006090131,1.3447265625,309.1666666666669,0.771571750962429,0,0.0,img13_20220513_ET358_56hpf_9.tif
154,154,12,2046,18.166666666666668,3.8133756924079503,0.0,0.62,47.419362072086734,0.8523073837884907,1.911895183987124,0.316939358996105,0.2142276906473378,2.5400390625,7802.166666666659,12.257751457047638,0,0.0,img13_20220513_ET358_56hpf_9.tif
155,155,13,60,2.5,0.9361111111111112,0.0,0.7228915662650602,7.641854218306551,0.8141883616100116,1.7223537516579346,0.4409802722600945,0.662799150547756,0.8466796875,56.16666666666666,0.2656230382925301,0,0.0,img13_20220513_ET358_56hpf_9.tif
156,156,14,96,3.8333333333333335,1.1319444444444444,0.0,0.8495575221238938,7.480593484821976,0.9050165570274106,2.350859470894976,0.395235462575402,0.6639006016082764,1.0458984375,108.66666666666664,0.559015594541911,0,0.0,img13_20220513_ET358_56hpf_9.tif
157,157,15,70,2.833333333333333,1.2285714285714289,0.0,0.8974358974358975,7.995961050983755,0.711544457583865,1.423201732601182,0.6882304619732988,0.9170852543182518,1.1455078125,86.00000000000001,0.425258799171842,0,0.0,img13_20220513_ET358_56hpf_9.tif
158,158,16,68,3.0,1.1151960784313726,0.1666666666666666,0.9315068493150684,8.17725523254357,0.6505247806740725,1.316681647988901,0.7468654334770979,0.994436936676639,1.0458984375,75.83333333333333,0.35427641205736,0,0.0,img13_20220513_ET358_56hpf_9.tif
159,159,17,52,3.0,1.2435897435897436,0.0,0.8524590163934426,7.6180603029690035,0.5423543841085147,1.1902638967282857,0.8052637118150933,0.8893302367535848,1.1455078125,64.66666666666666,0.5440757499581035,0,0.0,img13_20220513_ET358_56hpf_9.tif
160,160,18,208,8.333333333333334,2.267628205128205,0.0,0.8888888888888888,13.81106365535379,0.7307876742259167,1.464976415690181,0.6469309568456726,0.7758789866169594,1.8427734375,471.6666666666666,3.0080076592757727,0,0.0,img13_20220513_ET358_56hpf_9.tif
161,161,19,63,2.833333333333333,1.1587301587301588,0.0,0.9,7.902237961341741,0.6473039308318708,1.3119365240472525,0.7463195449016407,0.8253767288864265,1.0458984375,72.99999999999997,0.4206349206349214,0,0.0,img13_20220513_ET358_56hpf_9.tif
162,162,20,64,4.0,0.9140625,0.0,0.6597938144329897,6.99539891171586,0.8986897735808188,2.280060397578429,0.3203114176835151,0.4476824268127979,0.8466796875,58.5,0.4250372023809524,0,0.0,img13_20220513_ET358_56hpf_9.tif
163,163,21,277,3.6666666666666665,1.178098676293622,0.0,0.8123167155425219,14.786649617642508,0.8381044634725845,1.8331477389338584,0.480015640880469,0.5610129358675395,1.1455078125,326.33333333333337,0.4572963718702213,0,0.0,img13_20220513_ET358_56hpf_9.tif
164,164,22,152,6.666666666666667,2.319078947368421,0.0,0.9212121212121211,11.725300621353076,0.7095564352659185,1.4191470531546813,0.6989577659246293,0.9010565759281012,2.0419921875,352.5000000000003,2.634637262305865,0,0.0,img13_20220513_ET358_56hpf_9.tif
165,165,23,2817,20.5,3.075020707608567,0.0,0.5155563689604685,39.19236212148684,0.9729333182385792,4.32739250046048,0.1246928384391034,0.161409984998933,1.8427734375,8662.333333333325,9.762125576630824,0,0.0,img13_20220513_ET358_56hpf_9.tif
166,166,24,851,17.333333333333332,4.730121425773599,0.0,0.8827800829875518,21.348229369398855,0.9115076564289568,2.431415218363758,0.4021589115859641,0.6043892112850814,3.8349609375,4025.3333333333367,13.471328233604334,0,0.0,img13_20220513_ET358_56hpf_9.tif
167,167,25,219,4.333333333333333,1.186453576864536,0.0,0.85546875,11.598167971755563,0.885276965232373,2.150240838475903,0.4483335435287969,0.5919595161836466,1.1455078125,259.83333333333337,0.5169359380745571,0,0.0,img13_20220513_ET358_56hpf_9.tif
168,168,26,177,3.5,1.184557438794727,0.0,0.8719211822660099,13.74005044161484,0.5904303580662874,1.2390213568413142,0.7775872773910039,0.6969775550621937,1.1455078125,209.66666666666652,0.4742677481024941,0,0.0,img13_20220513_ET358_56hpf_9.tif
169,169,27,435,8.666666666666666,2.1019157088122604,0.0,0.9006211180124224,22.26935737650862,0.4763724128158079,1.1373412209580749,0.8633809193206958,0.712378724336499,1.8427734375,914.3333333333336,2.1890260195043245,0,0.0,img13_20220513_ET358_56hpf_9.tif
170,170,28,317,4.5,1.3301787592008414,0.0,0.9378698224852072,11.485240189981488,0.9514502591344424,3.248836075152801,0.2898902568217552,0.5228741188587872,1.1455078125,421.6666666666667,0.6923247569735633,34,0.3961554546485732,img13_20220513_ET358_56hpf_9.tif
171,171,1,194,1.88,0.9717525773195876,0.32,0.8699551569506726,10.240299388899,0.9126842542049248,2.4469893251430443,0.3933891621953171,0.5944109922330996,0.9175781309604644,188.51999999999995,0.1120684151487641,0,0.0,img14_20220520_hsp-mKate-DN-dynactin_56hpf_1.tif
172,172,2,2623,3.96,1.3616164696911934,0.16,0.7026520225020091,40.75439785410695,0.9421478532060336,2.9833150271440427,0.2259234004814922,0.2177107608179476,1.1894531846046448,3571.5200000000027,0.4198442205066748,0,0.0,img14_20220520_hsp-mKate-DN-dynactin_56hpf_1.tif
173,173,3,84,2.08,0.9771428571428572,0.4,0.9130434782608696,8.568645991016929,0.7389341598437006,1.4841691701489312,0.6612994958541927,0.9147105062826564,0.9628906548023224,82.07999999999997,0.0922327022375221,0,0.0,img14_20220520_hsp-mKate-DN-dynactin_56hpf_1.tif
174,174,4,919,2.92,1.0124483133841131,0.28,0.5437869822485207,37.18055117044649,0.7487564428014549,1.508647819478537,0.3718932057634097,0.1126481127886121,0.9628906548023224,930.4399999999996,0.1762039120859338,0,0.0,img14_20220520_hsp-mKate-DN-dynactin_56hpf_1.tif
175,175,5,134,1.72,0.9026865671641792,0.24,0.788235294117647,8.957272531684845,0.9140167608366876,2.4650187713213048,0.3499636029800931,0.5434783021511964,0.9175781309604644,120.96,0.0854724273369986,0,0.0,img14_20220520_hsp-mKate-DN-dynactin_56hpf_1.tif
176,176,6,400,2.76,1.1809,0.24,0.9280742459396752,13.359896866442128,0.9383085628005736,2.891852240492476,0.341202104445121,0.6114370454617525,1.121484398841858,472.3599999999995,0.1933064561403554,0,0.0,img14_20220520_hsp-mKate-DN-dynactin_56hpf_1.tif
177,177,7,52,1.4,0.84,0.2,0.8524590163934426,6.712607391869679,0.7766730309242982,1.587543591079011,0.5830148951300301,0.8110399656987514,0.8496094048023224,43.68,0.0718431372549024,0,0.0,img14_20220520_hsp-mKate-DN-dynactin_56hpf_1.tif
178,178,8,433,2.0,0.943833718244804,0.2,0.5939643347050755,18.68726186249111,0.9116100600271092,2.432758097734056,0.2667526967296438,0.2432102268549409,0.9175781309604644,408.6800000000002,0.1055936019160039,0,0.0,img14_20220520_hsp-mKate-DN-dynactin_56hpf_1.tif
179,179,9,340,2.4,1.0519999999999998,0.28,0.8395061728395061,11.941992390610793,0.9499596636833711,3.201305171323509,0.2961974416700279,0.4894963842798684,1.0308594107627869,357.68,0.1275723893805317,0,0.0,img14_20220520_hsp-mKate-DN-dynactin_56hpf_1.tif
180,180,10,1017,4.24,1.3736479842674534,0.16,0.7488954344624448,33.37915432527168,0.77164245688156,1.5721872840527702,0.4701883388170534,0.2718432855558675,1.1667969226837158,1397.0000000000014,0.5153395334432752,0,0.0,img14_20220520_hsp-mKate-DN-dynactin_56hpf_1.tif
181,181,11,97,1.52,0.8222680412371133,0.24,0.6423841059602649,8.120004641367638,0.9274979150874928,2.6750246831909616,0.2617662855790298,0.3613855551281802,0.8042968809604645,79.75999999999999,0.0766989690721649,0,0.0,img14_20220520_hsp-mKate-DN-dynactin_56hpf_1.tif
182,182,12,176,2.56,1.0604545454545455,0.32,0.88,8.753564185855925,0.9467013385983926,3.104503725338928,0.3034370270279852,0.5701193181612585,1.008203148841858,186.63999999999996,0.1617917922077932,0,0.0,img14_20220520_hsp-mKate-DN-dynactin_56hpf_1.tif
183,183,13,404,2.28,0.9696039603960396,0.2,0.7784200385356455,13.18655481396809,0.954201997433543,3.3426584654311378,0.264755374452469,0.4234313631366556,0.9175781309604644,391.72000000000014,0.1226866913986684,0,0.0,img14_20220520_hsp-mKate-DN-dynactin_56hpf_1.tif
184,184,14,919,3.44,1.077519042437432,0.2,0.9226907630522088,20.07342221794131,0.942218548117028,2.9850851656614243,0.3258887275517892,0.5717222339447583,1.0308594107627869,990.2399999999996,0.1373759732208693,0,0.0,img14_20220520_hsp-mKate-DN-dynactin_56hpf_1.tif
185,185,15,93,1.64,0.8086021505376344,0.2,0.744,7.319907762699898,0.9228470971834114,2.596279768830461,0.3278527808014629,0.5383593814073248,0.8042968809604645,75.20000000000003,0.0645512856474984,0,0.0,img14_20220520_hsp-mKate-DN-dynactin_56hpf_1.tif
186,186,16,1250,2.76,1.18048,0.16,0.9090909090909092,28.124301221515324,0.8719358625428879,2.042399772045528,0.4823642839199673,0.5653877924225045,1.121484398841858,1475.6000000000038,0.1903811945556398,0,0.0,img14_20220520_hsp-mKate-DN-dynactin_56hpf_1.tif
187,187,17,297,1.64,0.8445791245791245,0.24,0.7481108312342569,10.812925611074316,0.9605162936704332,3.5942295915965308,0.2503620544164461,0.3288500628580981,0.8042968809604645,250.83999999999992,0.0753411229411242,0,0.0,img14_20220520_hsp-mKate-DN-dynactin_56hpf_1.tif
188,188,18,987,2.28,1.0315298885511652,0.16,0.834319526627219,20.32142482114897,0.9504561632587086,3.216896476949094,0.2940659845484654,0.394387315395844,1.008203148841858,1018.1199999999998,0.118868549562157,0,0.0,img14_20220520_hsp-mKate-DN-dynactin_56hpf_1.tif
189,189,19,4316,5.8,1.4823354958294717,0.16,0.564625850340136,51.13775442578056,0.9617926453525748,3.652581912551133,0.1575100682846737,0.1661989757011022,1.3707031607627869,6397.760000000005,0.5428361664431126,0,0.0,img14_20220520_hsp-mKate-DN-dynactin_56hpf_1.tif
190,190,20,151,1.48,0.8985430463576157,0.24,0.6711111111111111,9.384207941559872,0.9478521174031012,3.1376440214026577,0.2217606478181427,0.4061083579442974,0.8722656667232513,135.67999999999998,0.0721018631346579,0,0.0,img14_20220520_hsp-mKate-DN-dynactin_56hpf_1.tif
191,191,21,2054,4.68,1.507653359298929,0.16,0.826226870474658,34.1909331876332,0.9189820040897,2.53614337031619,0.3478091854841955,0.3692784872389231,1.3707031607627869,3096.7200000000016,0.5591273693092094,0,0.0,img14_20220520_hsp-mKate-DN-dynactin_56hpf_1.tif
192,192,22,112,1.76,0.910357142857143,0.36,0.8818897637795275,8.643397189715547,0.8767746803852031,2.07942832529964,0.4414395995422767,0.676045800286876,0.9175781309604644,101.96000000000002,0.076864736164736,0,0.0,img14_20220520_hsp-mKate-DN-dynactin_56hpf_1.tif
193,193,23,60,1.64,0.8466666666666668,0.28,0.7317073170731707,6.322987314308095,0.912949057160012,2.450538657908706,0.3181952058609593,0.4818686922202305,0.8496094048023224,50.80000000000002,0.0831548022598869,0,0.0,img14_20220520_hsp-mKate-DN-dynactin_56hpf_1.tif
194,194,1,100,3.875,1.41375,0.0,0.9174311926605504,11.005549726116897,0.336051424845584,1.061747363207903,0.932490155586358,0.9620158811036372,1.396484375,141.375,0.770737058080808,2,0.0541324579768516,img15_20220520_hsp-mKate-DN-dynactin_56hpf_2.tif
195,195,2,52,2.75,1.1298076923076923,0.125,0.9454545454545454,7.416901787238583,0.5599095632313331,1.2069223341943685,0.8262467377224537,1.089941049746501,0.990234375,58.75,0.3467901583710407,0,0.0,img15_20220520_hsp-mKate-DN-dynactin_56hpf_2.tif
196,196,3,61,2.875,1.1147540983606556,0.25,0.953125,8.70904879669074,0.2636211151038338,1.0366708798560786,0.9528328184160112,1.0730236807041484,0.990234375,68.0,0.4433828551912569,0,0.0,img15_20220520_hsp-mKate-DN-dynactin_56hpf_2.tif
197,197,4,3392,13.0,3.359411851415094,0.0,0.6696939782823297,43.17347710886741,0.939041951114305,2.9086460021949945,0.2738736000508527,0.1609039427880864,2.107421875,11395.125,8.419328045309223,0,0.0,img15_20220520_hsp-mKate-DN-dynactin_56hpf_2.tif
198,198,5,129,4.5,1.180232558139535,0.0,0.9280575539568344,11.092853267046385,0.6875200653529995,1.3770967701682353,0.7038569008131003,0.8921164334111217,1.142578125,152.25,0.522926507994186,0,0.0,img15_20220520_hsp-mKate-DN-dynactin_56hpf_2.tif
199,199,6,124,4.125,1.4868951612903225,0.0,0.9393939393939394,11.714048030796796,0.5074134626889937,1.16049302925194,0.8543439153319097,0.95542408658357,1.396484375,184.375,0.7624030864804615,0,0.0,img15_20220520_hsp-mKate-DN-dynactin_56hpf_2.tif
200,200,7,254,3.25,0.9010826771653544,0.0,0.7791411042944786,13.473573724549125,0.8629167028472644,1.9788415052110728,0.4549421831112565,0.4635874686130748,0.888671875,228.875,0.2450556413588123,0,0.0,img15_20220520_hsp-mKate-DN-dynactin_56hpf_2.tif
201,201,8,406,3.25,1.0190886699507389,0.0,0.7289048473967684,17.911999252506924,0.865203542270918,1.99433285694326,0.4050911343943118,0.2658221343717557,0.990234375,413.75,0.2747118834762513,0,0.0,img15_20220520_hsp-mKate-DN-dynactin_56hpf_2.tif
202,202,9,98,2.875,1.031887755102041,0.0,0.8672566371681416,9.92429068001922,0.6500474416430072,1.3159736640906834,0.7315480312913168,0.8253622543181157,0.990234375,101.125,0.2906930491268673,0,0.0,img15_20220520_hsp-mKate-DN-dynactin_56hpf_2.tif
203,203,10,77,2.75,0.9025974025974026,0.125,0.8555555555555555,8.958459630562459,0.6518917970577969,1.3187184217566057,0.702473613338645,0.6987253098219923,0.888671875,69.5,0.2646477699931647,0,0.0,img15_20220520_hsp-mKate-DN-dynactin_56hpf_2.tif
204,204,11,899,4.625,1.171857619577308,0.0,0.7291159772911597,26.752008285201168,0.8509788386891414,1.904036639979154,0.44117046193908,0.2644489299426176,1.142578125,1053.5,0.4314217681239485,0,0.0,img15_20220520_hsp-mKate-DN-dynactin_56hpf_2.tif
205,205,12,603,4.25,1.1573383084577114,0.0,0.5656660412757973,28.336677822568085,0.7919803561558785,1.637876695013614,0.3564241798595591,0.1678940816276322,1.142578125,697.875,0.4236825630981307,0,0.0,img15_20220520_hsp-mKate-DN-dynactin_56hpf_2.tif
206,206,13,5069,12.125,2.056988557900967,0.0,0.7485233313644418,78.5568667328114,0.6556205078517896,1.3243444648683422,0.5962963927271967,0.1643599354652463,1.650390625,10426.875,2.623863566562028,0,0.0,img15_20220520_hsp-mKate-DN-dynactin_56hpf_2.tif
207,207,14,861,8.875,2.024535423925668,0.0,0.8278846153846153,20.57717694645702,0.9327659429671388,2.7740590964388727,0.3364420482886737,0.3540087591710261,1.650390625,1743.125,2.0162759467088027,0,0.0,img15_20220520_hsp-mKate-DN-dynactin_56hpf_2.tif
208,208,15,233,2.75,1.0734978540772533,0.0,0.7740863787375415,13.562638110004848,0.833387985296581,1.8093377796719383,0.4926498889592967,0.3833836871060135,0.990234375,250.125,0.3304449321074442,0,0.0,img15_20220520_hsp-mKate-DN-dynactin_56hpf_2.tif
209,209,1,403,4.323529411764706,1.456721646474967,0.2352941176470588,0.8520084566596194,16.941766540333106,0.8557765772424368,1.9329439302383384,0.4784750167037107,0.6386592865099251,1.2451171875,587.0588235294122,0.5458228361570729,0,0.0,img17_20220520_hsp-mKate-DN-dynactin_56hpf_4.tif
210,210,2,69,1.5588235294117647,0.865302642796249,0.3823529411764705,0.8518518518518519,4.892152724049683,0.9643676080385716,3.7797765773174574,0.2569371707399321,0.5659393868874263,0.8642578125,59.7058823529412,0.0662631232724768,0,0.0,img17_20220520_hsp-mKate-DN-dynactin_56hpf_4.tif
211,211,3,143,1.4705882352941178,0.8451254627725215,0.4705882352941176,0.8125,7.920412266857941,0.951444637645384,3.248652682134644,0.275007168799059,0.4811527601615193,0.8349609375,120.85294117647057,0.0536082539225972,0,0.0,img17_20220520_hsp-mKate-DN-dynactin_56hpf_4.tif
212,212,4,514,2.823529411764706,1.2325474937056533,0.2352941176470588,0.9097345132743364,16.977047200837013,0.9042435785007074,2.3418269319868315,0.4140371713498648,0.6511363257094458,1.1865234375,633.5294117647054,0.2043402967646172,0,0.0,img17_20220520_hsp-mKate-DN-dynactin_56hpf_4.tif
213,213,5,244,1.7352941176470589,0.9076663452266152,0.3235294117647059,0.6912181303116147,17.07793210971995,0.7192628296065045,1.439391401284761,0.5141283727448372,0.316045417971426,0.9228515625,221.47058823529423,0.0753601260735956,0,0.0,img17_20220520_hsp-mKate-DN-dynactin_56hpf_4.tif
214,214,6,2906,7.205882352941177,3.688433666653173,0.2058823529411764,0.9534120734908136,42.0458389386802,0.8842122059838217,2.140936092352677,0.4566172104752151,0.6813093299484254,4.1455078125,10718.588235294112,2.7560176130536163,0,0.0,img17_20220520_hsp-mKate-DN-dynactin_56hpf_4.tif
215,215,7,66,1.3823529411764706,0.8582887700534759,0.4117647058823529,0.8918918918918919,8.043256911477165,0.6994916712666698,1.3993044753432018,0.6633851206076115,0.864680382642923,0.8642578125,56.647058823529406,0.0494785491325287,0,0.0,img17_20220520_hsp-mKate-DN-dynactin_56hpf_4.tif
216,216,8,84,2.0,1.0938375350140055,0.4411764705882353,0.9438202247191012,7.572138990928813,0.8446198128945911,1.8678790255883255,0.5346317661942732,0.9055403018804472,1.0693359375,91.88235294117652,0.1193662440170945,0,0.0,img17_20220520_hsp-mKate-DN-dynactin_56hpf_4.tif
217,217,9,66,1.3529411764705883,0.8467023172905525,0.5294117647058824,0.868421052631579,6.793380733106187,0.878837185381908,2.095900927062892,0.4145153754458488,0.7114959514774943,0.8642578125,55.882352941176464,0.0389011219461046,0,0.0,img17_20220520_hsp-mKate-DN-dynactin_56hpf_4.tif
218,218,10,832,5.264705882352941,1.441529977375566,0.2647058823529412,0.7753960857409133,25.506840337007752,0.8608551291480078,1.9652152113996104,0.4215993022999588,0.3192793428388437,1.2744140625,1199.3529411764707,0.6338840932545707,0,0.0,img17_20220520_hsp-mKate-DN-dynactin_56hpf_4.tif
219,219,11,368,1.7647058823529411,0.8875479539641944,0.2352941176470588,0.8214285714285714,10.956526019246573,0.971574670888762,4.224162668504297,0.21874136618038,0.3719868782010223,0.8642578125,326.6176470588236,0.065525958679604,0,0.0,img17_20220520_hsp-mKate-DN-dynactin_56hpf_4.tif
220,220,12,572,2.235294117647059,1.0168140682846565,0.2941176470588235,0.8588588588588588,20.31652259238393,0.8564941984949904,1.9373963289326737,0.4700785684735868,0.4779080754815836,0.9814453125,581.6176470588232,0.0955163665832609,0,0.0,img17_20220520_hsp-mKate-DN-dynactin_56hpf_4.tif
221,221,13,343,2.0294117647058822,0.8531984222260334,0.2941176470588235,0.5813559322033899,14.27578011078789,0.9486879490339716,3.1624171992495795,0.2142723892339374,0.2534947601754411,0.8349609375,292.6470588235291,0.0663686379756103,0,0.0,img17_20220520_hsp-mKate-DN-dynactin_56hpf_4.tif
222,222,14,964,3.147058823529412,1.2705333170612645,0.3529411764705882,0.6703755215577191,24.5955384558342,0.947311801285365,3.1219473628904484,0.2081724867493201,0.2927830109632033,1.1865234375,1224.7941176470586,0.2567319153300134,0,0.0,img17_20220520_hsp-mKate-DN-dynactin_56hpf_4.tif
223,223,15,925,3.323529411764706,1.4554848966613674,0.3823529411764705,0.8751182592242195,19.67630886377517,0.949780299517618,3.195730163936737,0.2978683674948721,0.5198069013965532,1.4208984375,1346.3235294117642,0.301318062996267,0,0.0,img17_20220520_hsp-mKate-DN-dynactin_56hpf_4.tif
224,224,16,107,2.0,0.996976360637713,0.3529411764705882,0.8842975206611571,10.251570504764237,0.7035422892859048,1.4071557353670543,0.654679527438642,0.8160471334327766,0.9814453125,106.67647058823526,0.1095504109721108,0,0.0,img17_20220520_hsp-mKate-DN-dynactin_56hpf_4.tif
225,225,17,398,3.176470588235294,1.1374519657109077,0.3235294117647059,0.7289377289377289,15.9254386980119,0.9281980701090556,2.6875473182978022,0.2766292775634636,0.3981176383254711,1.0986328125,452.7058823529411,0.1806532072037728,0,0.0,img17_20220520_hsp-mKate-DN-dynactin_56hpf_4.tif
226,226,18,2625,7.5,2.678252100840336,0.2352941176470588,0.8231420507996237,59.89617773667784,0.4567842880660487,1.1241291613764195,0.7372398132214437,0.3667324664070985,2.2705078125,7030.411764705877,2.939728355617716,0,0.0,img17_20220520_hsp-mKate-DN-dynactin_56hpf_4.tif
227,227,19,1187,3.911764705882353,1.6284008127261014,0.2941176470588235,0.8904726181545386,21.396893889676097,0.955907102748366,3.4051917296248893,0.2846926348277409,0.4159044974704591,1.5673828125,1932.9117647058824,0.4875780571542604,0,0.0,img17_20220520_hsp-mKate-DN-dynactin_56hpf_4.tif
228,228,20,1223,7.5,1.8176855370112068,0.2352941176470588,0.8411279229711142,33.307979913810534,0.7475394214493238,1.505531070443628,0.6192421959789189,0.4760261871498495,1.4208984375,2223.0294117647063,1.9233860750052296,0,0.0,img17_20220520_hsp-mKate-DN-dynactin_56hpf_4.tif
229,229,21,293,2.3823529411764706,1.0294117647058825,0.3529411764705882,0.8138888888888889,12.90916929891499,0.9361055438333218,2.8431769967136806,0.276932134203124,0.4571979109409998,0.9814453125,301.6176470588235,0.1391844812058587,0,0.0,img17_20220520_hsp-mKate-DN-dynactin_56hpf_4.tif
230,230,22,67,1.7647058823529411,0.9108867427568044,0.3823529411764705,0.8933333333333333,6.115760290908143,0.9042101804177138,2.3414391787186557,0.4160238701051709,0.7860457107471424,0.8642578125,61.02941176470587,0.0773034012072392,0,0.0,img17_20220520_hsp-mKate-DN-dynactin_56hpf_4.tif
231,231,1,52,2.333333333333333,0.9871794871794872,0.1111111111111111,0.896551724137931,7.066625530787022,0.6988240335370586,1.3980272784045342,0.6783565379724017,0.8983243900646514,0.9785155951976776,51.333333333333336,0.3004860063683592,0,0.0,img18_20220520_hsp-mKate-DN-dynactin_56hpf_5.tif
232,232,2,92,3.4444444444444446,1.285024154589372,0.1111111111111111,0.8679245283018868,8.022109924101988,0.8553872768845375,1.9305429178701496,0.4883844266322279,0.7298835779790926,1.1234809160232544,118.22222222222216,0.4724743855178651,0,0.0,img18_20220520_hsp-mKate-DN-dynactin_56hpf_5.tif
233,233,3,217,5.555555555555555,1.540194572452637,0.0,0.8645418326693227,12.171586037572336,0.8643925511220383,1.9887928388621452,0.4715159744732347,0.6720651784703394,1.4134114384651184,334.22222222222223,0.8394977443165417,0,0.0,img18_20220520_hsp-mKate-DN-dynactin_56hpf_5.tif
234,234,4,58,2.555555555555556,1.0325670498084292,0.2222222222222222,0.9830508474576272,7.472418368069886,0.6788362647610053,1.361860359920665,0.7131002615135418,1.0019772043028805,0.9785155951976776,59.88888888888889,0.2785395801124777,0,0.0,img18_20220520_hsp-mKate-DN-dynactin_56hpf_5.tif
235,235,5,5601,18.55555555555556,1.7757543295840028,0.0,0.6132705573196102,67.74915656445391,0.8923880791447163,2.215974234252185,0.3164014700993096,0.0711062933884802,1.3409287929534912,9946.00000000002,2.821089379353033,0,0.0,img18_20220520_hsp-mKate-DN-dynactin_56hpf_5.tif
236,236,6,55,2.888888888888889,1.068686868686869,0.2222222222222222,0.8208955223880597,7.296521142162666,0.7459207058456981,1.5014231405231837,0.5834920020361122,0.8138227075095928,0.9785155951976776,58.77777777777777,0.2649706946003247,0,0.0,img18_20220520_hsp-mKate-DN-dynactin_56hpf_5.tif
237,237,7,67,1.7777777777777777,0.9220563847429518,0.1111111111111111,0.7790697674418605,7.857128712602192,0.7805313525438043,1.599701469409578,0.5399820192315787,0.6347422184654167,0.9060329496860504,61.7777777777778,0.1556359616061103,0,0.0,img18_20220520_hsp-mKate-DN-dynactin_56hpf_5.tif
238,238,8,90,2.0,1.0,0.1111111111111111,0.7692307692307693,7.6369440646864515,0.8967049203733084,2.2592292241359124,0.3849397981567469,0.5840185972850437,0.9785155951976776,90.00000000000004,0.2360937716742942,0,0.0,img18_20220520_hsp-mKate-DN-dynactin_56hpf_5.tif
239,239,9,54,2.333333333333333,1.0987654320987654,0.2222222222222222,0.9310344827586208,7.571111977972385,0.5707843505065909,1.2178784419863982,0.8086799088786796,1.0389771515919282,1.1234809160232544,59.33333333333333,0.2523487848435439,0,0.0,img18_20220520_hsp-mKate-DN-dynactin_56hpf_5.tif
240,240,10,59,2.555555555555556,1.0659133709981168,0.1111111111111111,0.8676470588235294,6.236020623505585,0.8653274152889171,1.9951835969397056,0.4852676197929357,0.8487119127667397,1.1234809160232544,62.88888888888889,0.2584583414507433,0,0.0,img18_20220520_hsp-mKate-DN-dynactin_56hpf_5.tif
241,241,11,2926,9.333333333333334,2.6652996126680337,0.0,0.9000307597662258,41.95284662681793,0.8872818902110235,2.168127235904422,0.4502897297076939,0.4910906253885668,2.3556857109069824,7798.666666666675,2.588513483484185,0,0.0,img18_20220520_hsp-mKate-DN-dynactin_56hpf_5.tif
242,242,12,310,5.555555555555555,1.5881720430107529,0.2222222222222222,0.9226190476190476,14.702320686168257,0.8426475549392448,1.8571291828823075,0.5294388429965354,0.7908574659131662,1.4134114384651184,492.33333333333337,0.799484082335458,0,0.0,img18_20220520_hsp-mKate-DN-dynactin_56hpf_5.tif
243,243,13,360,5.777777777777778,1.705246913580247,0.0,0.8716707021791767,13.884752440572491,0.9139459296309584,2.4640496760089894,0.3915952538433312,0.5137249089202349,1.4134114384651184,613.8888888888886,1.2481721249775508,0,0.0,img18_20220520_hsp-mKate-DN-dynactin_56hpf_5.tif
244,244,14,144,3.333333333333333,1.16358024691358,0.0,0.8674698795180723,9.868729376799408,0.861740835922363,1.971030861031477,0.4845775420757719,0.6834440106039972,0.9785155951976776,167.55555555555557,0.4402908476982544,0,0.0,img18_20220520_hsp-mKate-DN-dynactin_56hpf_5.tif
245,245,15,50,2.2222222222222223,1.017777777777778,0.3333333333333333,0.8620689655172413,8.0385604259483,0.2307302928541754,1.0277304861138543,0.9327496241220906,0.9620158811036372,0.9060329496860504,50.88888888888888,0.2208919123204838,0,0.0,img18_20220520_hsp-mKate-DN-dynactin_56hpf_5.tif
246,246,16,1491,5.777777777777778,1.4270064833445115,0.0,0.7733402489626556,31.48123191508765,0.892164414362561,2.213805765257653,0.3908456623144928,0.3055679273320951,1.3409287929534912,2127.666666666669,0.6578446901476923,0,0.0,img18_20220520_hsp-mKate-DN-dynactin_56hpf_5.tif
247,247,17,181,3.111111111111111,1.0785758133824432,0.0,0.8302752293577982,11.475293349919925,0.8597628621348411,1.9581217650247669,0.4564379131136297,0.6090115355890559,0.9785155951976776,195.2222222222222,0.2995528575434442,0,0.0,img18_20220520_hsp-mKate-DN-dynactin_56hpf_5.tif
248,248,18,94,4.555555555555555,0.9905437352245864,0.1111111111111111,0.8173913043478261,7.768466036726088,0.8897125414705728,2.1904788430141964,0.4133227438450029,0.5885742722876866,0.9060329496860504,93.1111111111111,0.3522260917212487,0,0.0,img18_20220520_hsp-mKate-DN-dynactin_56hpf_5.tif
249,249,19,280,2.7777777777777777,0.936111111111111,0.0,0.7235142118863049,12.948728766176943,0.9266860896716106,2.6607331901659905,0.3003386525683892,0.2830334942833866,0.9060329496860504,262.1111111111111,0.211798088410991,0,0.0,img18_20220520_hsp-mKate-DN-dynactin_56hpf_5.tif
250,250,20,89,2.555555555555556,1.0187265917603,0.1111111111111111,0.7739130434782608,5.100793531370866,0.9771471800058724,4.704468887989762,0.1967901852273804,0.4405560818884721,0.9785155951976776,90.66666666666664,0.2399651950213751,0,0.0,img18_20220520_hsp-mKate-DN-dynactin_56hpf_5.tif
251,251,21,358,3.4444444444444446,1.021104903786468,0.0,0.62478184991274,20.2707773560135,0.8060439601427265,1.6896011145851793,0.3885831489969761,0.2427827331938222,0.9785155951976776,365.5555555555552,0.2590546667663594,0,0.0,img18_20220520_hsp-mKate-DN-dynactin_56hpf_5.tif
252,252,22,72,2.2222222222222223,0.8950617283950617,0.1111111111111111,0.6990291262135923,9.107362928413274,0.7819404774054156,1.604227197656156,0.42946282641211,0.3345290543506298,0.9060329496860504,64.44444444444444,0.2312254873548558,0,0.0,img18_20220520_hsp-mKate-DN-dynactin_56hpf_5.tif
