,Unnamed: 0,label,area,bbox_area,convex_area,equivalent_diameter,max_intensity,mean_intensity,min_intensity,perimeter_skimage,perimeter_crofton,solidity,feret_diameter_max,major_axis_length,minor_axis_length,eccentricity,standard_deviation_intensity,aspect_ratio,roundness_skimage,circularity,maximum,mean,median,minimum,sigma,sum,variance,elongation,feret_diameter,flatness,roundness_simpleitk,equivalent_ellipsoid_diameter_0,equivalent_ellipsoid_diameter_1,equivalent_spherical_perimeter,equivalent_spherical_radius,number_of_pixels,number_of_pixels_on_border,perimeter_simpleitk,perimeter_on_border,perimeter_on_border_ratio,filename,area [in um^2]
0,0,1,1031,1416,1124,36.23133961947795,6.7,2.4125121241513097,0.0,148.22539674441617,143.20800502198594,0.9172597864768685,59.53990258641679,60.62421847807529,21.98882192124615,0.931903272776764,1.3091073189209594,2.75704713491261,0.3571712369439772,0.5896893527734451,6.7,2.412512124151305,2.3009766340255737,0.0,1.3097426537406671,2487.299999999995,1.715425819027646,2.757047134915704,58.42088667591412,2.757047134915704,0.7948166749532887,21.82037934542641,60.159814357081686,113.82411037826871,18.11566980973897,1031,0,143.20800502198594,0.0,0.0,img01_20220429_ET358_56hpf_1.tif,4.355975
1,1,6,2241,3657,2435,53.41656877553537,11.8,4.143418116912093,0.0,205.44469683442247,198.0443517582298,0.9203285420944558,74.32361670424818,76.99104320555824,37.82912921101714,0.8709652901185361,2.2643055480663863,2.035231706658894,0.4813617381832306,0.6672089295930895,11.8,4.1434181169120885,4.273242235183716,0.0,2.264810917015452,9285.39999999999,5.129368489832372,2.0352317066591805,73.06161783043132,2.0352317066591805,0.8473511037066087,37.44286375796644,76.20490350833323,167.81310004519585,26.708284387767684,2241,0,198.04435175822977,0.0,0.0,img01_20220429_ET358_56hpf_1.tif,9.468224999999999
2,2,7,895,1209,927,33.757212452126,8.3,3.069832402234637,0.0,115.39696961967,112.08470449159586,0.965480043149946,42.5440947723653,41.08505459210686,27.867092709184075,0.7348052946010116,1.7772068584498106,1.474321523987559,0.6750958172250101,0.8445864137535779,8.3,3.0698324022346397,2.8986328840255737,0.0,1.7782005442184965,2747.5000000000023,3.161997175458956,1.474321523987261,41.23105625617661,1.474321523987261,0.946172014516224,27.80164375032064,40.988561783323625,106.05141064526892,16.878606226063,895,0,112.08470449159586,0.0,0.0,img01_20220429_ET358_56hpf_1.tif,3.7813749999999997
3,3,9,122,156,132,12.463355264843006,4.2,1.3778688524590164,0.2,40.55634918610404,41.52404620458589,0.9242424242424242,14.317821063276352,13.506631762877245,11.701396736117715,0.4994468250106268,0.7285188539119908,1.1542751747906692,0.8514827026723281,0.932077420675863,4.2,1.3778688524590166,1.2849609851837158,0.2,0.7315230681168585,168.10000000000002,0.535125999187102,1.1542751747899644,13.038404810405298,1.1542751747899644,0.9429424374059728,11.600595855650456,13.390279808948668,39.15478533911046,6.231677632421503,122,0,41.52404620458589,0.0,0.0,img01_20220429_ET358_56hpf_1.tif,0.51545
4,4,4,438,598,458,23.615226456547084,9.0,2.9992389649923896,0.0,78.18376618407356,76.80437534809087,0.9563318777292577,27.85677655436824,26.376049071371344,21.301246942575705,0.5897332612873618,1.8164162638652568,1.2382396740658603,0.8016129875100114,0.9004317508264797,9.0,2.9992389649923905,2.895833373069763,0.0,1.8184933557547005,1313.666666666667,3.3069180849239914,1.2382396740654888,26.570660511172846,1.2382396740654888,0.965953067289568,21.22216843361485,26.27813092420216,74.18942194874765,11.807613228273542,438,0,76.80437534809087,0.0,0.0,img02_20220429_ET358_56hpf_2.tif,1.85055
5,5,10,457,648,495,24.121991458915023,4.777777777777778,1.7345003646973014,0.0,91.59797974644668,89.52184726638035,0.9232323232323232,36.87817782917155,36.93757414600136,15.931044195331408,0.9022102757593576,1.0135195142529518,2.318590902963279,0.426471072856367,0.6844697728619831,4.777777777777778,1.7345003646973016,1.5625000596046448,0.0,1.0146302209032374,792.6666666666669,1.0294744851701525,2.3185909029571627,35.6931365951495,2.3185909029571627,0.8465137111367748,15.84167486482831,36.73036322919607,75.78147115728316,12.060995729457511,457,0,89.52184726638035,0.0,0.0,img02_20220429_ET358_56hpf_2.tif,1.9308249999999998
6,6,4,1428,3072,1581,42.64019312669459,2.2222222222222223,1.074910519763461,0.3055555555555556,185.9238815542512,178.94840975774622,0.9032258064516128,75.71657678474378,75.64067559176026,24.692626526780867,0.9452157137161804,0.3271945040892926,3.0632899869814456,0.3177807076475325,0.5191199462945202,2.2222222222222223,1.0749105197634612,1.0375977158546448,0.3055555555555556,0.3273091281965342,1534.9722222222226,0.1071312654007752,3.063289986984119,74.63243262818116,3.063289986984119,0.7485851238120601,24.362682609350955,74.6299616932969,133.9581174744737,21.320096563347292,1428,0,178.94840975774622,0.0,0.0,img03_20220429_ET358_56hpf_3.tif,6.0333
7,7,5,2097,2650,2151,51.67188137962113,5.638888888888889,2.78862660944206,0.3611111111111111,173.53910524340094,167.20690555288317,0.9748953974895398,57.42821606144492,54.375630846971085,49.72786410020388,0.4045297895841532,1.028361195244499,1.0934640333114196,0.903025329042637,0.8750111489809784,5.638888888888889,2.7886266094420606,2.974446654319763,0.3611111111111111,1.0286064811621682,5847.750000000001,1.058031293088818,1.0934640333114871,56.4003546088143,1.0934640333114871,0.9708450880220352,49.414228965731006,54.03268210784554,162.33200293938097,25.835940689810563,2097,0,167.20690555288314,0.0,0.0,img03_20220429_ET358_56hpf_3.tif,8.859824999999999
8,8,6,1071,1725,1184,36.92749046999213,2.833333333333333,1.3456271397447868,0.2777777777777778,167.0538238691624,161.05847326681675,0.9045608108108107,69.58448102845921,73.53527809333717,19.04993764715533,0.965861637079518,0.4396464438373927,3.860132219609546,0.2521785313586708,0.4822658307904778,2.833333333333333,1.3456271397447876,1.3419596552848816,0.2777777777777778,0.4398518381227537,1441.1666666666677,0.1934696394999651,3.8601322196105374,68.59300255857006,3.8601322196105374,0.7203044361649019,18.79527586573804,72.55224994580377,116.01113277603436,18.463745234996065,1071,0,161.05847326681675,0.0,0.0,img03_20220429_ET358_56hpf_3.tif,4.5249749999999995
9,9,27,957,2337,1033,34.906879612929465,3.4722222222222223,1.6681179612214094,0.2777777777777778,152.75230867899737,147.49978665621398,0.9264278799612778,65.0,69.96686391535191,17.994887605167413,0.9663604379960378,0.6407176712454549,3.8881523158422073,0.2489070742520461,0.5154021621633171,3.4722222222222223,1.6681179612214103,1.6463216543197632,0.2777777777777778,0.641052687044159,1596.3888888888898,0.4109485475665363,3.888152315836829,63.81222453417527,3.888152315836829,0.7434803740246804,17.702695258953174,68.83077556765244,109.66319655172254,17.453439806464733,957,0,147.49978665621398,0.0,0.0,img03_20220429_ET358_56hpf_3.tif,4.043324999999999
10,10,2,1748,2304,1831,47.17650606177894,4.217391304347826,1.6897821112327132,0.1739130434782608,180.7106781186548,174.00598298123387,0.9546695794647734,72.69112738154499,74.94223294945259,30.206370317411803,0.9151726508756652,0.6060963101978946,2.4810075544314496,0.3962764729362081,0.6726415040676632,4.217391304347826,1.689782111232711,1.65922212600708,0.1739130434782608,0.6062697531289661,2953.739130434779,0.3675630135590575,2.4810075544313905,71.7007670809734,2.4810075544313905,0.8517486716632213,29.951027792978238,74.30872621736351,148.20936486571904,23.58825303088947,1748,0,174.00598298123387,0.0,0.0,img05_20220513_ET358_56hpf_1.tif,7.385299999999999
11,11,6,131,285,150,12.914889870235298,2.260869565217391,0.9697975439761036,0.4347826086956521,52.2842712474619,52.25011444992385,0.8733333333333333,23.021728866442675,22.25263627249819,7.830658812735164,0.9360383422625852,0.3242460762541824,2.8417323247832305,0.3368359801048363,0.602197629359505,2.260869565217391,0.969797543976103,0.9041270315647124,0.4347826086956521,0.3254907874576799,127.04347826086948,0.1059442527198206,2.841732324783404,22.20360331117452,2.841732324783404,0.7765212299608958,7.661240986950203,21.7711961605719,40.57332313825244,6.457444935117649,131,0,52.25011444992385,0.0,0.0,img05_20220513_ET358_56hpf_1.tif,0.5534749999999999
12,12,15,1071,2173,1177,36.92749046999213,3.130434782608696,1.1977428652620468,0.1304347826086956,149.6812408671319,144.58823179875185,0.9099405267629568,58.59180830116101,61.31266425825482,23.12622558808117,0.9261378803453778,0.4117327638007517,2.651217944092626,0.3627431441712814,0.6007096175325548,3.130434782608696,1.197742865262046,1.1823199391365051,0.1304347826086956,0.4119251173565877,1282.782608695651,0.1696823023092386,2.6512179440939128,56.93856338194704,2.6512179440939128,0.8023552908338134,22.67916598147529,60.12741180717151,116.01113277603436,18.463745234996065,1071,0,144.58823179875185,0.0,0.0,img05_20220513_ET358_56hpf_1.tif,4.5249749999999995
13,13,2,232,319,257,17.186959427966244,1.9672131147540983,0.9841011871113624,0.5409836065573771,69.21320343559643,68.29974857183211,0.9027237354085604,29.27456233660889,31.018290734091053,9.812314400536348,0.9486460050232612,0.2485554666981958,3.1611594846976745,0.3070169683563996,0.6085831840806867,1.9672131147540983,0.9841011871113629,0.9715996384620668,0.5409836065573771,0.2490928845509107,228.31147540983616,0.0620472651338933,3.1611594846976545,28.0713376952364,3.1611594846976545,0.7905508673967907,9.666646745933392,30.557812046129065,53.99442547644459,8.593479713983122,232,0,68.29974857183211,0.0,0.0,img06_20220513_ET358_56hpf_2.tif,0.9802
14,14,6,514,840,554,25.582125126616702,1.721311475409836,0.917394909740384,0.3442622950819672,93.1543289325507,90.99735881816078,0.927797833935018,33.28663395418648,33.1387447067052,20.45993389600962,0.7866476486365032,0.2057058553433859,1.6196897250566569,0.5959380711105747,0.7443323589177356,1.721311475409836,0.9173949097403844,0.9226114153862,0.3442622950819672,0.2059062507687329,471.5409836065576,0.0423973841056363,1.6196897250566002,32.449961479175904,1.6196897250566002,0.8831972422583583,20.101140782122627,32.557611186720216,80.36861636099388,12.791062563308351,514,0,90.99735881816076,0.0,0.0,img06_20220513_ET358_56hpf_2.tif,2.1716499999999996
15,15,7,270,380,292,18.5411616971131,2.9672131147540983,1.266909532483303,0.3934426229508196,62.90559159102154,62.51610710300649,0.9246575342465754,22.47220505424423,20.859853527222132,16.684066900077674,0.6002438310695349,0.529185067236552,1.2502858956484415,0.7900441717978832,0.8574229942655995,2.9672131147540983,1.2669095324833022,1.1348937153816223,0.3934426229508196,0.530167770157697,342.0655737704916,0.2810778645139846,1.2502858956482084,21.40093455903269,1.2502858956482084,0.9317403158308576,16.581823014622987,20.732019439317973,58.24877737667098,9.27058084855655,270,0,62.51610710300649,0.0,0.0,img06_20220513_ET358_56hpf_2.tif,1.14075
16,16,13,208,260,222,16.273715780512877,2.622950819672131,1.2813682219419924,0.4262295081967213,55.38477631085024,55.58227665354262,0.9369369369369368,20.8806130178211,21.445298463177583,12.53071914719755,0.8115299799127744,0.4138492700598158,1.7114180129058072,0.5758498576914372,0.8521035741452083,2.622950819672131,1.2813682219419924,1.2818583846092224,0.4262295081967213,0.4148477015954625,266.5245901639344,0.1720986155190379,1.7114180129057943,19.6468827043885,1.7114180129057943,0.9198145347903626,12.439664784815786,21.289466387243625,51.125385942667535,8.136857890256438,208,0,55.58227665354262,0.0,0.0,img06_20220513_ET358_56hpf_2.tif,0.8787999999999999
17,17,15,1884,3243,1978,48.97737541233754,2.377049180327869,1.1816939890710385,0.3770491803278688,189.82337649086284,182.64536277860583,0.9524772497472194,74.84650960465692,76.3902654694842,31.79801200818572,0.9092468261757796,0.3029391241271073,2.4023597906000904,0.4110692385453419,0.65703934089402,2.377049180327869,1.1816939890710372,1.183881938457489,0.3770491803278688,0.3030195540035266,2226.311475409834,0.0918208501084962,2.402359790600137,73.40980860893181,2.402359790600137,0.8424356383688721,31.599228793297485,75.91271666699198,153.866962787509,24.48868770616877,1884,0,182.6453627786058,0.0,0.0,img06_20220513_ET358_56hpf_2.tif,7.959899999999999
18,18,18,198,322,218,15.877702285203682,1.5901639344262295,0.9577744659711872,0.4426229508196721,58.87005768508881,58.49383151100476,0.908256880733945,24.04163056034261,24.55976004315547,10.488988532235991,0.9042137233634616,0.2372787508422259,2.341480302669369,0.4179526376068585,0.7179366621072196,1.5901639344262295,0.9577744659711868,0.9389408230781556,0.4426229508196721,0.2378802188562188,189.639344262295,0.0565869985230826,2.3414803026649267,22.84731931759173,2.3414803026649267,0.8527612496318919,10.376297144893725,24.29589537936697,49.88127285508176,7.938851142601841,198,0,58.49383151100476,0.0,0.0,img06_20220513_ET358_56hpf_2.tif,0.8365499999999999
19,19,21,177,242,192,15.012108426804138,1.836065573770492,1.0378808928406038,0.4590163934426229,54.87005768508881,54.70159371513069,0.921875,22.56102834535696,22.04539459798912,10.628937267124908,0.8760949156997017,0.2865030322946297,2.0740920793817352,0.463711248947125,0.7387751807634408,1.836065573770492,1.0378808928406034,1.0042584538459778,0.4590163934426229,0.2873158084873035,183.7049180327868,0.0825503738067128,2.0740920793824125,21.37755832643195,2.0740920793824125,0.8621673765877159,10.42383854587036,21.6200009647508,47.1619295485413,7.506054213402069,177,0,54.70159371513068,0.0,0.0,img06_20220513_ET358_56hpf_2.tif,0.747825
20,20,29,628,1161,666,28.27710087851444,2.7540983606557377,1.3958964185026626,0.4426229508196721,111.39696961967,108.29246669572176,0.9429429429429428,46.61544808322666,48.448723682695615,16.76394909594001,0.9382292547165147,0.416868725263118,2.8900543306009685,0.3406474020353239,0.6359496818137451,2.7540983606557377,1.3958964185026626,1.4288230538368225,0.4426229508196721,0.417201024020758,876.622950819672,0.1740566944439691,2.890054330598385,44.94441010848846,2.890054330598385,0.8203260586386477,16.63343240257106,48.071523347766,88.83513238475845,14.13855043925722,628,0,108.29246669572176,0.0,0.0,img06_20220513_ET358_56hpf_2.tif,2.6532999999999998
21,21,32,440,888,507,23.66908109081279,2.1311475409836067,1.1544709388971683,0.4262295081967213,98.08326112068522,95.67027955244676,0.8678500986193294,40.311288741492746,43.75300013854216,13.688757661480704,0.9497977918504203,0.3259082331695913,3.19627253404159,0.2926490504495143,0.5747417505298238,2.1311475409836067,1.154470938897168,1.151223123073578,0.4262295081967213,0.3262792159114039,507.967213114754,0.1064581267357605,3.196272534039524,39.0,3.196272534039524,0.7772383609619841,13.239131507109462,42.31587241071127,74.35861127211855,11.834540545406394,440,0,95.67027955244676,0.0,0.0,img06_20220513_ET358_56hpf_2.tif,1.8589999999999998
22,22,35,370,696,418,21.70480664627101,1.901639344262295,0.889587948604342,0.4426229508196721,87.66904755831213,86.18968506276158,0.8851674641148325,34.66987164671943,34.99331461534988,14.232162447640732,0.91355691919064,0.218313675113636,2.458748959906,0.3847172678869639,0.6049493456869187,1.901639344262295,0.889587948604342,0.8736231923103333,0.4426229508196721,0.2186092929540166,329.1475409836065,0.047790022965855,2.458748959910286,33.83784863137726,2.458748959910286,0.7911348215028174,13.841999421155386,34.034001679844586,68.18766110751193,10.852403323135505,370,0,86.18968506276157,0.0,0.0,img06_20220513_ET358_56hpf_2.tif,1.5632499999999998
23,23,1,82,110,87,10.217907939900584,1.9772727272727275,1.0196784922394675,0.4545454545454545,32.14213562373095,33.15417244944029,0.942528735632184,11.704699910719626,11.39507246602268,9.271567322457038,0.5813591366447379,0.3238480700954692,1.2290341071484443,0.8040624636323991,0.997411239597103,1.9772727272727275,1.0196784922394675,0.9621360003948212,0.4545454545454545,0.3258410001063327,83.61363636363635,0.1061723573502951,1.2290341071461854,10.770329614269007,1.2290341071461854,0.9682191455088004,9.216796907316215,11.327757757731108,32.100504519048485,5.108953969950291,82,0,33.15417244944029,0.0,0.0,img08_20220513_ET358_56hpf_4.tif,0.34645
24,24,5,2200,3060,2301,52.925674284012274,2.522727272727273,1.338595041322314,0.3636363636363636,184.50966799187808,177.60765122707895,0.9561060408518036,63.28506932918696,63.29534098108231,44.57726035398581,0.7099283000635778,0.3616796505089013,1.419901996633646,0.6991805071100404,0.8120715394099425,2.522727272727273,1.3385950413223129,1.346990406513214,0.3636363636363636,0.3617618784627934,2944.9090909090883,0.1308716567089289,1.419901996633537,62.177166226839255,1.419901996633537,0.9361697447614726,44.41577197044145,63.0660433028497,166.27090951693918,26.462837142006137,2200,0,177.60765122707895,0.0,0.0,img08_20220513_ET358_56hpf_4.tif,9.295
25,25,11,1657,2548,1703,45.93210125420091,4.112903225806452,2.487472501800767,0.3225806451612903,155.82337649086284,150.41134151367612,0.9729888432178508,53.60037313302959,48.67769503587746,44.36403681612104,0.4115586683280889,0.9059741722587454,1.097233221531115,0.8903743001585837,0.8575652039078596,4.112903225806452,2.487472501800766,2.707125663757324,0.3225806451612903,0.9062476739018832,4121.741935483869,0.8212848464525743,1.0972332215311658,52.392747589718944,1.0972332215311658,0.9593688242652876,43.84972148702448,48.11337117045226,144.2999518641401,22.96605062710045,1657,0,150.41134151367612,0.0,0.0,img10_20220513_ET358_56hpf_6.tif,7.000824999999999
26,26,12,2185,3074,2341,52.744937247534295,2.161290322580645,1.0404665239536428,0.3387096774193548,199.23759005323595,188.8890798396867,0.9333618111917984,62.24146527838174,55.9223398460278,51.593329692166975,0.3857845666754194,0.2646224393679108,1.0839063921574743,0.8895920458598895,0.6917015445717412,2.161290322580645,1.0404665239536437,1.0362588167190552,0.3387096774193548,0.2646830144950335,2273.419354838711,0.0700570981621781,1.0839063921572716,61.26989472816156,1.0839063921572716,0.8772508580778907,50.66229871071487,54.91318941392493,165.70310737090838,26.372468623767148,2185,0,188.88907983968676,0.0,0.0,img10_20220513_ET358_56hpf_6.tif,9.231625
27,27,6,1400,2193,1519,42.22008245644752,3.8846153846153846,1.5954395604395606,0.1153846153846153,181.16652224137044,175.06088718685766,0.9216589861751152,51.62363799656123,45.35980364351841,40.19195291009851,0.4635518089028946,0.5946982559061602,1.1285792393561809,0.8663548730349784,0.5360212469732337,3.8846153846153846,1.59543956043956,1.6282302141189575,0.1153846153846153,0.5949107619897368,2233.6153846153843,0.3539188147312092,1.128579239356279,50.35871324805669,1.128579239356279,0.757669534357806,39.74230469442376,44.85234000229824,132.63830087913084,21.11004122822376,1400,0,175.06088718685763,0.0,0.0,img12_20220513_ET358_56hpf_8.tif,5.914999999999999
28,28,7,2876,3589,2995,60.51311370817344,8.23076923076923,4.158486680218251,0.1538461538461538,239.4386001800126,229.683544409791,0.9602671118530884,98.3107318658548,102.67020605511856,36.52791025384137,0.9345700907636644,1.8853476520177912,2.8107330898931315,0.3473842571400389,0.6303915978596965,8.23076923076923,4.1584866802182505,4.654822826385498,0.1538461538461538,1.885675510059048,11959.807692307688,3.5557721292364497,2.8107330898932443,97.01546268507924,2.8107330898932443,0.8276933985843591,36.09438919701231,101.45169407552775,190.10755347144143,30.25655685408672,2876,0,229.68354440979095,0.0,0.0,img12_20220513_ET358_56hpf_8.tif,12.1511
29,29,24,851,1248,964,32.91696906717907,17.333333333333332,4.730121425773599,0.0,133.01828996322962,129.9351727364267,0.8827800829875518,49.72926703662542,51.90640977387652,21.348229369398855,0.9115076564289568,3.6681736921362,2.431415218363758,0.4021589115859641,0.6043892112850814,17.333333333333332,4.730121425773604,3.8349609375,0.0,3.670330807107765,4025.3333333333367,13.471328233604334,2.4314152183636417,48.507731342539614,2.4314152183636417,0.795871556731315,21.11009919515636,51.32741644426925,103.41170819989222,16.458484533589534,851,0,129.9351727364267,0.0,0.0,img13_20220513_ET358_56hpf_9.tif,3.5954749999999995
30,30,27,435,624,483,23.534213434057992,8.666666666666666,2.1019157088122604,0.0,87.59797974644665,88.41112653184076,0.9006211180124224,27.202941017470888,25.327858108550014,22.26935737650862,0.4763724128158075,1.4778341502960777,1.1373412209580749,0.8633809193206962,0.7123787243364993,8.666666666666666,2.101915708812261,1.8427734375,0.0,1.4795357445848765,914.3333333333336,2.1890260195043245,1.137341220958233,26.1725046566048,1.137341220958233,0.8362625263667867,22.06755907925095,25.098344586763226,73.9349120324508,11.767106717028996,435,0,88.41112653184076,0.0,0.0,img13_20220513_ET358_56hpf_9.tif,1.837875
31,31,28,317,396,338,20.090219901261573,4.5,1.3301787592008414,0.0,87.2842712474619,85.82489424552077,0.9378698224852072,36.12478373637688,37.313662661006674,11.485240189981488,0.9514502591344424,0.8307471138703573,3.2488360751528016,0.2898902568217551,0.5228741188587872,4.5,1.3301787592008414,1.1455078125,0.0,0.8320605488626194,421.6666666666667,0.6923247569735633,3.2488360751526426,35.12833614050059,3.2488360751526426,0.7353960387093728,11.146044970733325,36.2116729961921,63.115287250806816,10.045109950630788,317,34,85.82489424552077,34.0,0.3961554546485732,img13_20220513_ET358_56hpf_9.tif,1.3393249999999999
32,32,1,194,300,223,15.716503163191918,1.88,0.9717525773195876,0.32,64.04163056034261,63.396790041418434,0.8699551569506726,25.179356624028344,25.057903290904694,10.240299388899,0.9126842542049248,0.3339022954484268,2.4469893251430443,0.3933891621953171,0.5944109922330996,1.88,0.9717525773195874,0.9175781309604644,0.32,0.3347662096878419,188.51999999999995,0.1120684151487641,2.446989325141713,24.186773244895647,2.446989325141713,0.7788225688610869,10.047080614182152,24.58509901174197,49.37485087760447,7.858251581595959,194,0,63.39679004141843,0.0,0.0,img14_20220520_hsp-mKate-DN-dynactin_56hpf_1.tif,0.8196499999999999
33,33,6,400,703,431,22.56758334191025,2.76,1.1809,0.24,90.66904755831214,88.64116432796841,0.9280742459396752,39.56008088970496,38.63484768596907,13.359896866442115,0.9383085628005738,0.4391163740968902,2.891852240492478,0.341202104445121,0.6114370454617525,2.76,1.1808999999999987,1.121484398841858,0.24,0.439666300892342,472.3599999999995,0.1933064561403554,2.891852240495005,38.62641583165593,2.891852240495005,0.7998332893496365,13.270796988266165,38.37718400367186,70.89815403622063,11.283791670955123,400,0,88.64116432796841,0.0,0.0,img14_20220520_hsp-mKate-DN-dynactin_56hpf_1.tif,1.69
34,34,12,176,270,200,14.96964127403822,2.56,1.0604545454545455,0.32,62.2842712474619,61.730708939609045,0.88,27.29468812791236,27.17547262498314,8.753564185855922,0.9467013385983928,0.4010891679678685,3.104503725338929,0.3034370270279852,0.5701193181612585,2.56,1.060454545454545,1.008203148841858,0.32,0.402233504581348,186.63999999999996,0.1617917922077932,3.104503725331716,26.30589287593181,3.104503725331716,0.7618333866763278,8.49601558809015,26.3759120437022,47.02851505339302,7.48482063701911,176,0,61.73070893960904,0.0,0.0,img14_20220520_hsp-mKate-DN-dynactin_56hpf_1.tif,0.7435999999999999
35,35,14,919,1650,996,34.20682887394876,3.44,1.077519042437432,0.2,142.12489168102786,137.42436355316033,0.9226907630522088,57.56735185849702,59.920874886835065,20.073422217941303,0.942218548117028,0.3704409386501816,2.985085165661426,0.3258887275517891,0.5717222339447581,3.44,1.0775190424374317,1.0308594107627869,0.2,0.370642648950265,990.2399999999996,0.1373759732208693,2.9850851656612685,56.61271941887264,2.9850851656612685,0.7819859558704085,19.79859865091329,59.10050313372248,107.46392229300062,17.10341443697438,919,0,137.42436355316033,0.0,0.0,img14_20220520_hsp-mKate-DN-dynactin_56hpf_1.tif,3.8827749999999996
36,36,1,100,132,109,11.283791670955123,3.875,1.41375,0.0,36.14213562373095,36.94641024531437,0.9174311926605504,12.649110640673518,11.685113402358075,11.005549726116897,0.3360514248455843,0.8735157053539448,1.0617473632079033,0.932490155586358,0.9620158811036372,3.875,1.41375,1.396484375,0.0,0.8779163161035384,141.375,0.770737058080808,1.061747363210957,11.6619037896906,1.061747363210957,0.9594728360005168,10.950765113972484,11.62694598490282,35.44907701811032,5.641895835477563,100,2,36.94641024531436,2.0,0.0541324579768516,img15_20220520_hsp-mKate-DN-dynactin_56hpf_2.tif,0.4225
37,37,2,52,64,55,8.136857890256438,2.75,1.1298076923076923,0.125,24.48528137423857,25.89501942883427,0.9454545454545454,9.433981132056603,8.951624417544373,7.416901787238583,0.5599095632313331,0.5831990370910307,1.2069223341943685,0.8262467377224537,1.089941049746501,2.75,1.1298076923076923,0.990234375,0.125,0.5888889185330632,58.75,0.3467901583710407,1.2069223341827038,8.602325267042627,1.2069223341827038,0.9871663947418996,7.406568932204064,8.939153463940825,25.562692971333767,4.068428945128219,52,0,25.895019428834267,0.0,0.0,img15_20220520_hsp-mKate-DN-dynactin_56hpf_2.tif,0.21969999999999998
38,38,3,61,81,64,8.812923024107548,2.875,1.1147540983606556,0.25,26.72792206135785,28.021176122898964,0.953125,9.486832980505138,9.028417278774912,8.70904879669074,0.2636211151038338,0.660389494006892,1.0366708798560786,0.9528328184160112,1.0730236807041484,2.875,1.1147540983606556,0.990234375,0.25,0.6658699987169094,68.0,0.4433828551912569,1.0366708798590043,8.602325267042627,1.0366708798590043,0.988060390747234,8.655646814481793,8.97305699891763,27.686614229188613,4.406461512053774,61,0,28.021176122898964,0.0,0.0,img15_20220520_hsp-mKate-DN-dynactin_56hpf_2.tif,0.257725
39,39,6,124,169,132,12.565098628628435,4.125,1.4868951612903225,0.0,40.38477631085024,40.9686858373161,0.9393939393939394,13.92838827718412,13.594071084062096,11.714048030796796,0.5074134626889938,0.8696290441864944,1.16049302925194,0.8543439153319096,0.95542408658357,4.125,1.4868951612903225,1.396484375,0.0,0.8731569655454061,184.375,0.7624030864804615,1.1604930292515174,13.0,1.1604930292515174,0.9635266725440146,11.66392272803738,13.535901019615723,39.47442154333027,6.282549314314218,124,0,40.968685837316094,0.0,0.0,img15_20220520_hsp-mKate-DN-dynactin_56hpf_2.tif,0.5238999999999999
40,40,4,514,760,565,25.582125126616702,2.823529411764706,1.2325474937056533,0.2352941176470588,99.59797974644668,97.33636065425615,0.9097345132743364,38.8329756778952,39.75730636053177,16.977047200837013,0.9042435785007074,0.4516002076495561,2.3418269319868315,0.4140371713498648,0.6511363257094456,2.823529411764706,1.2325474937056526,1.1865234375,0.2352941176470588,0.4520401495051266,633.5294117647054,0.2043402967646172,2.341826931987378,37.8549864614954,2.341826931987378,0.8256792818304293,16.717033804888896,39.14839998723225,80.36861636099388,12.791062563308351,514,0,97.33636065425615,0.0,0.0,img17_20220520_hsp-mKate-DN-dynactin_56hpf_4.tif,2.1716499999999996
41,41,6,2906,4756,3048,60.82790574235137,7.205882352941177,3.688433666653173,0.2058823529411764,231.51576464628795,225.05009192160367,0.9534120734908136,88.11923740024082,90.01745411706803,42.04583893868019,0.8842122059838219,1.6598401201128263,2.140936092352678,0.4566172104752148,0.6813093299484254,7.205882352941177,3.6884336666531694,4.1455078125,0.2058823529411764,1.6601257822989246,10718.588235294112,2.7560176130536163,2.1409360923526903,86.83317338436964,2.1409360923526903,0.8491287436576209,41.57200898422116,89.00301446592938,191.09650181342343,30.413952871175685,2906,0,225.05009192160367,0.0,0.0,img17_20220520_hsp-mKate-DN-dynactin_56hpf_4.tif,12.277849999999999
42,42,15,925,2035,1057,34.318312587888485,3.323529411764706,1.4554848966613674,0.3823529411764705,149.53910524340094,144.45347877763868,0.8751182592242195,58.69412236331676,62.88017375090208,19.67630886377516,0.9497802995176182,0.5486276640299598,3.1957301639367373,0.2978683674948721,0.5198069013965532,3.323529411764706,1.4554848966613667,1.4208984375,0.3823529411764705,0.5489244601912607,1346.3235294117642,0.301318062996267,3.195730163936933,57.27128425310541,3.195730163936933,0.7463590328320854,19.19733195834165,61.34949280638289,107.81415870970858,17.159156293944243,925,0,144.45347877763868,0.0,0.0,img17_20220520_hsp-mKate-DN-dynactin_56hpf_4.tif,3.9081249999999996
43,43,9,54,81,58,8.291859587312052,2.333333333333333,1.0987654320987654,0.2222222222222222,25.556349186104047,26.91045538835937,0.9310344827586208,9.486832980505138,9.220694059837566,7.571111977972385,0.5707843505065909,0.4976702313764537,1.2178784419863982,0.8086799088786796,1.0389771515919282,2.333333333333333,1.0987654320987654,1.1234809160232544,0.2222222222222222,0.5023432938176282,59.33333333333333,0.2523487848435439,1.2178784419872497,8.54400374531753,1.2178784419872497,0.9680120528679684,7.513632816878935,9.150691428684787,26.04964516409764,4.145929793656026,54,0,26.91045538835937,0.0,0.0,img18_20220520_hsp-mKate-DN-dynactin_56hpf_5.tif,0.22814999999999996
44,44,12,310,506,336,19.867165345562015,5.555555555555555,1.5881720430107529,0.2222222222222222,70.18376618407356,69.21989975634271,0.9226190476190476,26.92582403567252,27.3041088023773,14.702320686168251,0.8426475549392449,0.8926954135788415,1.857129182882308,0.5294388429965354,0.7908574659131662,5.555555555555555,1.5881720430107529,1.4134114384651184,0.2222222222222222,0.8941387377445729,492.33333333333337,0.799484082335458,1.85712918288675,26.0768096208106,1.85712918288675,0.9016849333352616,14.578567397819064,27.07428295917113,62.41454069727136,9.933582672781007,310,0,69.21989975634271,0.0,0.0,img18_20220520_hsp-mKate-DN-dynactin_56hpf_5.tif,1.30975
45,45,13,360,544,413,21.40948939383325,5.777777777777778,1.705246913580247,0.0,93.84062043356596,94.32952102177951,0.8716707021791767,34.92849839314596,34.21271975265768,13.884752440572491,0.9139459296309584,1.115663470848601,2.4640496760089894,0.3915952538433312,0.5137249089202347,5.777777777777778,1.705246913580246,1.4134114384651184,0.0,1.1172162391307918,613.8888888888886,1.2481721249775508,2.464049676003407,33.95585369269929,2.464049676003407,0.7130312320916552,13.638970189593882,33.60710007668894,67.25989459677515,10.704744696916627,360,0,94.32952102177954,0.0,0.0,img18_20220520_hsp-mKate-DN-dynactin_56hpf_5.tif,1.521
46,0,1,149,208,158,13.773623058786647,3.185185185185185,1.3972160079542633,0.3703703703703703,57.55634918610404,57.248357755352,0.9430379746835444,26.1725046566048,25.793672156331954,7.878172615398456,0.9522143911995394,0.5934287392755786,3.2740679108650608,0.285147807040168,0.5652097630860847,3.185185185185185,1.3972160079542624,1.3834635615348816,0.3703703703703703,0.5954301909585626,208.1851851851851,0.3545371123049504,3.274067910863252,25.179356624028344,3.274067910863252,0.7558489834715616,7.612097666922703,24.922524705628646,43.27111301479911,6.886811529393324,149,26,57.24835775535201,26.0,0.4541614994636125,img04_20220429_ET358_56hpf_4.tif,0.6295249999999999
47,1,2,501,672,537,25.25654394235911,7.37037037037037,2.2815849781917645,0.2962962962962963,105.49137802864846,102.88996432695411,0.9329608938547486,42.04759208325728,40.8168746034498,16.701778501393548,0.9124500622895628,1.4101982306641485,2.443863963352415,0.3828849977368406,0.565735795929035,7.37037037037037,2.281584978191765,1.973741352558136,0.2962962962962963,1.41160772449991,1143.0740740740746,1.9926363678678136,2.443863963351877,41.0,2.443863963351877,0.7711711576869205,16.15605818326616,39.48320838390037,79.34577290438317,12.628271971179554,501,42,102.88996432695411,42.0,0.408203076701789,img04_20220429_ET358_56hpf_4.tif,2.1167249999999997
48,2,16,193,240,198,15.67594437773643,3.925925925925926,1.6252158894645945,0.3333333333333333,49.21320343559643,49.338559592461706,0.9747474747474748,17.4928556845359,17.104417373184457,14.417595224098172,0.5380444347012757,0.7702076937100277,1.18635716340513,0.8399450147187014,1.001391503102227,3.925925925925926,1.6252158894645945,1.5310330390930176,0.3333333333333333,0.7722108380389101,313.6666666666667,0.5963095783847558,1.1863571634050245,16.64331697709324,1.1863571634050245,0.9981530085589156,14.392160227439236,17.074242382695424,49.247431695179,7.837972188868215,193,0,49.338559592461706,0.0,0.0,img04_20220429_ET358_56hpf_4.tif,0.815425
49,3,21,1680,2080,1776,46.24978308224886,6.407407407407407,2.653725749559083,0.1481481481481481,193.0538238691624,185.70801893999823,0.945945945945946,80.15609770940699,84.56127847319209,25.85443282272305,0.9521125065882584,1.354374774676565,3.270668478902872,0.2991412606605198,0.5664509758111961,6.407407407407407,2.653725749559084,2.600911498069763,0.1481481481481481,1.3547780424463054,4458.25925925926,1.8354235442946436,3.2706684789049367,79.02531240052139,3.2706684789049367,0.7824001332342029,25.573574644922463,83.64268448407041,145.2979787613145,23.12489154112443,1680,0,185.70801893999823,0.0,0.0,img04_20220429_ET358_56hpf_4.tif,7.097999999999999
50,4,6,128,184,137,12.766152972845846,1.481012658227848,0.9401700949367088,0.569620253164557,51.55634918610404,51.56000106154089,0.9343065693430656,23.08679276123039,22.75577062693943,7.988401067273761,0.9363569160656956,0.2012215019401977,2.8486014203973107,0.3147291676766715,0.6051395260039769,1.481012658227848,0.9401700949367092,0.9141366481781006,0.569620253164557,0.2020121592175944,120.34177215189877,0.0408089124717547,2.848601420397311,22.09072203437452,2.848601420397311,0.7778520474859242,7.563872522900212,21.54645801243773,40.106052394096,6.383076486422923,128,23,51.56000106154089,23.0,0.4460822251060023,img07_20220513_ET358_56hpf_3.tif,0.5408
51,5,11,2285,3294,2470,53.93841265480332,3.2278481012658227,2.2827798243913247,0.2911392405063291,209.99494936611663,200.26579322730896,0.9251012145748988,62.93647591023825,56.13331036845336,53.19629395603313,0.3192283257024042,0.897641311588601,1.0552109215511831,0.9233258903859998,0.6511459884625277,3.2278481012658227,2.28277982439132,2.5911046266555786,0.2911392405063291,0.8978377965010433,5216.151898734166,0.8061127088258488,1.0552109215513337,61.40032573203501,1.0552109215513337,0.8461381158103725,52.50836829581236,55.407403698581,169.45252094262486,26.96920632740166,2285,0,200.26579322730896,0.0,0.0,img07_20220513_ET358_56hpf_3.tif,9.654124999999999
52,6,17,132,294,145,12.964089628857147,1.4177215189873418,0.8508822401227464,0.4556962025316455,53.698484809834994,53.59087298059109,0.9103448275862068,24.186773244895647,25.372322059971527,6.749152421530349,0.963971780633385,0.1747479798239129,3.759334576447221,0.2610739974876628,0.5752541125070558,1.4177215189873418,0.8508822401227468,0.8510927557945251,0.4556962025316455,0.1754136888244041,112.31645569620258,0.0307699622269848,3.7593345764080186,23.323807579381203,3.7593345764080186,0.7599780797235304,6.686310419734636,25.136077949505623,40.72788873849724,6.482044814428575,132,0,53.59087298059109,0.0,0.0,img07_20220513_ET358_56hpf_3.tif,0.5577
53,7,1,189,255,203,15.512648837479231,2.227272727272727,1.0931938431938433,0.4545454545454545,51.21320343559643,51.23467849039874,0.9310344827586208,18.027756377319943,16.761663074126815,14.793939771301485,0.4701139608005712,0.3612955636460792,1.133008740960436,0.8565203967222066,0.9055403018804472,2.227272727272727,1.0931938431938426,1.04150390625,0.4545454545454545,0.3622551817071667,206.61363636363623,0.1312288166736923,1.1330087409612426,16.64331697709324,1.1330087409612426,0.951199950140718,14.573683419256367,16.5121107020194,48.734423625543,7.756324418739616,189,0,51.23467849039874,0.0,0.0,img09_20220513_ET358_56hpf_5.tif,0.7985249999999999
54,8,11,481,759,508,24.747287144606645,2.886363636363636,1.424163674163674,0.4090909090909091,89.25483399593904,87.30040579730117,0.9468503937007874,35.84689665786984,36.07903718478291,17.13564137356393,0.8800142386464035,0.4948635659610161,2.105496747874519,0.4704844957692163,0.7587373217412927,2.886363636363636,1.424163674163674,1.3781515955924988,0.4090909090909091,0.4953787806408621,685.0227272727273,0.2454001363092274,2.1054967478770683,34.48187929913333,2.1054967478770683,0.8905559462150499,17.054944482662954,35.9091301434708,77.74589548977336,12.373643572303322,481,0,87.30040579730117,0.0,0.0,img09_20220513_ET358_56hpf_5.tif,2.032225
55,9,13,390,595,426,22.28370306853673,2.340909090909091,1.122843822843823,0.3863636363636363,88.18376618407356,86.28496983777607,0.9154929577464788,36.40054944640259,37.73229375423709,13.545055849220075,0.9333460977508764,0.3537181597439131,2.785687572961149,0.3487773807967721,0.6302272613699367,2.340909090909091,1.1228438228438222,1.062544345855713,0.3863636363636363,0.354172518517913,437.90909090909065,0.1254381728733214,2.785687572964473,35.17101079013795,2.785687572964473,0.811338498309843,13.351226370140706,37.19234538313653,70.00631785489134,11.141851534268367,390,0,86.28496983777607,0.0,0.0,img09_20220513_ET358_56hpf_5.tif,1.6477499999999998
56,10,16,1003,1190,1041,35.73596596384892,5.386363636363637,2.83454182905828,0.3636363636363636,118.42640687119284,114.95679110295931,0.9634966378482228,39.408120990476064,36.17238648389335,35.76079810662572,0.1504246579259696,1.241585945122263,1.0115094852201123,0.9760155272383972,0.8986978270100748,5.386363636363637,2.83454182905828,3.0613901615142822,0.3636363636363636,1.2422053444848704,2843.045454545455,1.5430741178667755,1.0115094852202506,38.60051813123757,1.0115094852202506,0.9766090986343874,35.53207302642648,35.941028895769,112.26784814096266,17.86798298192446,1003,0,114.95679110295931,0.0,0.0,img09_20220513_ET358_56hpf_5.tif,4.237674999999999
57,11,17,1211,2204,1269,39.26694651579471,5.181818181818182,2.442271601231139,0.2045454545454545,154.61017305526642,149.2611525330379,0.9542947202521672,63.15853069855251,65.73025277971892,23.88032285011324,0.9316691147822812,1.006716802807197,2.752485935482536,0.3568811887667611,0.6366164765830024,5.181818181818182,2.4422716012311403,2.5984995365142822,0.2045454545454545,1.0071327155713967,2957.590909090911,1.0143163067742158,2.752485935479277,61.74139616173253,2.752485935479277,0.8264759356967915,23.668164366771908,65.14628953815146,123.36075070292398,19.633473257897357,1211,0,149.26115253303786,0.0,0.0,img09_20220513_ET358_56hpf_5.tif,5.116474999999999
58,12,18,797,1176,842,31.85548488335917,3.8181818181818175,1.6930534960647885,0.3636363636363636,124.42640687119284,120.64514779677044,0.9465558194774348,50.44799302251776,53.46478603340191,19.347842528534475,0.9322246444086236,0.7072924590393074,2.7633461433517086,0.3550036136179861,0.6469088097815979,3.8181818181818175,1.693053496064788,1.6306374073028564,0.3636363636363636,0.7077365987747811,1349.363636363636,0.5008910932452955,2.763346143347542,49.47726750741192,2.763346143347542,0.8295149793730937,19.163135721554564,52.95437719060333,100.07695728610187,15.927742441679586,797,0,120.64514779677044,0.0,0.0,img09_20220513_ET358_56hpf_5.tif,3.3673249999999997
59,13,8,1415,1794,1479,42.4456588569462,1.8613138686131387,1.3738206391375,0.5474452554744526,165.7401153701776,159.812999511164,0.9567275185936444,69.58448102845921,71.33471808427097,25.734767476062192,0.9326583888790042,0.3474224503253269,2.7719200552569463,0.3540500499596064,0.6473080831790072,1.8613138686131387,1.373820639137502,1.4432452917099,0.5474452554744526,0.3475452795497077,1943.9562043795647,0.1207877213372845,2.7719200552570498,68.46897107449476,2.7719200552570498,0.8343937630207957,25.49429042687338,70.66813492879814,133.3469700417607,21.222829428473094,1415,0,159.81299951116398,0.0,0.0,img11_20220513_ET358_56hpf_7.tif,5.978375
60,14,9,2224,3337,2373,53.21357672146274,1.8613138686131387,1.4325933413852858,0.5036496350364964,199.8233764908628,192.12595726829105,0.9372102823430256,71.84705978674423,68.56609569155003,43.32857332884631,0.7750302183375463,0.3764758445476462,1.582468344183898,0.6023183031262758,0.6999258939638241,1.8613138686131387,1.4325933413853045,1.4868698120117188,0.5036496350364964,0.3765605124547903,3186.0875912409174,0.1417978195402143,1.5824683441838847,70.71067811865476,1.5824683441838847,0.8701342810536266,42.30141892179282,66.94065635779835,167.17538169938416,26.60678836073137,2224,0,192.125957268291,0.0,0.0,img11_20220513_ET358_56hpf_7.tif,9.3964
61,15,18,572,1035,611,26.986904594423443,1.8613138686131387,1.3348476341177071,0.5328467153284672,110.32590180780451,107.27703073619666,0.9361702127659576,46.57252408878007,47.38716191791848,15.619973158941706,0.9441120901897724,0.3639932661346111,3.033754375614374,0.3243282281430991,0.5905421769325844,1.8613138686131387,1.3348476341177051,1.4068915247917175,0.5328467153284672,0.3643118598640005,763.5328467153273,0.1327231312375671,3.033754375617537,45.35416188179427,3.033754375617537,0.7903076794272498,15.493975533909332,47.00491607170851,84.78186121696933,13.49345229721172,572,0,107.27703073619666,0.0,0.0,img11_20220513_ET358_56hpf_7.tif,2.4166999999999996
62,16,23,220,312,237,16.73656774376801,1.8613138686131387,1.190378234903782,0.5328467153284672,62.62741699796952,62.05603151075119,0.9282700421940928,26.476404589747453,27.34882602498437,10.436129044588498,0.9243303229063484,0.3376166267729704,2.620591016854636,0.374503104624859,0.70486110232809,1.8613138686131387,1.1903782349037824,1.1378734707832336,0.5328467153284672,0.3383865630676876,261.88321167883214,0.1145054660647621,2.6205910168596485,25.317977802344327,2.6205910168596485,0.8472903759728837,10.338720050167884,27.09355688929669,52.579478270129485,8.368283871884005,220,0,62.05603151075118,0.0,0.0,img11_20220513_ET358_56hpf_7.tif,0.9294999999999999
63,17,27,328,744,358,20.435815879801165,1.4306569343065694,0.880607975787787,0.5547445255474452,84.32590180780451,82.62748506301514,0.9162011173184358,35.84689665786984,38.40790916996848,11.231103627080955,0.9562910813770462,0.1616612919211137,3.419780499340915,0.2831017999024904,0.5796444994827679,1.4306569343065694,0.880607975787787,0.8688554763793945,0.5547445255474452,0.1619082917472347,288.83941605839414,0.0262142949365076,3.4197804993406704,34.9857113690718,3.4197804993406704,0.776993381671179,11.050778279965725,37.79123606436422,64.20100903809697,10.217907939900584,328,0,82.62748506301514,0.0,0.0,img11_20220513_ET358_56hpf_7.tif,1.3858
64,18,28,413,782,448,22.93137440223813,1.8613138686131387,1.1950301337904952,0.5109489051094891,88.91168824543142,86.97508322615903,0.921875,37.589892258425,37.54662785353258,14.656879334501356,0.9206602933219364,0.333353237669097,2.5617068269880767,0.3730081268441765,0.6565112950229416,1.8613138686131387,1.1950301337904954,1.1814980506896973,0.5109489051094891,0.3337575473843017,493.5474452554746,0.1113941004359844,2.561706826989038,36.359317925395686,2.561706826989038,0.8282951241502342,14.327333570757885,36.70242822075971,72.04103735878834,11.465687201119064,413,0,86.97508322615903,0.0,0.0,img11_20220513_ET358_56hpf_7.tif,1.7449249999999998
65,19,2,71,80,72,9.507891862878784,2.3,1.1169014084507043,0.4,28.485281374238568,29.687257224708347,0.9861111111111112,10.770329614269007,10.536059198841372,8.583625213364176,0.5798962989920355,0.4953263017539891,1.227460302255203,0.8143518045874041,1.0995808945896266,2.3,1.116901408450704,1.0283203125,0.4,0.4988518003498375,79.29999999999998,0.2488531187122741,1.2274603022565151,9.848857801796104,1.2274603022565151,1.006153010413026,8.581841832323086,10.5338701694209,29.86992322754616,4.753945931439391,71,0,29.687257224708347,0.0,0.0,img16_20220520_hsp-mKate-DN-dynactin_56hpf_3.tif,0.299975
66,20,10,1803,3640,1928,47.9129512674548,11.1,3.8972823072656686,0.0,196.3086578651014,188.79379506467225,0.9351659751037344,78.29431652425353,82.13266659709996,28.498169272464988,0.9378735346603556,2.4232302303900486,2.882033081207668,0.3403094419221509,0.5879314373707669,11.1,3.8972823072656655,3.6181640625,0.0,2.4239025095624727,7026.7999999999965,5.875303375863252,2.88203308120773,77.02596964660685,2.88203308120773,0.7972877268666558,28.223017296297737,81.33966949942803,150.52297571364178,23.9564756337274,1803,0,188.79379506467225,0.0,0.0,img16_20220520_hsp-mKate-DN-dynactin_56hpf_3.tif,7.617674999999999
67,21,15,1006,1508,1081,35.78936967876878,7.7,2.9122266401590458,0.1,135.05382386916236,130.7205708998241,0.9306197964847364,52.773099207835045,52.088260578964544,24.890949994138666,0.8784354463386458,1.6136223073019007,2.0926586004644387,0.4720939005924814,0.6930970883427688,7.7,2.9122266401590458,2.9326171875,0.1,1.614424904868213,2929.7,2.6063677734587394,2.0926586004623906,51.78802950489621,2.0926586004623906,0.8601218621175757,24.740294120357536,51.772989268935305,112.43562085942928,17.89468483938439,1006,0,130.7205708998241,0.0,0.0,img16_20220520_hsp-mKate-DN-dynactin_56hpf_3.tif,4.250349999999999
68,22,17,561,836,601,26.72615543987624,5.5,1.7654188948306593,0.0,99.01219330881976,96.55096249085872,0.9334442595673876,39.05124837953327,40.2571383867785,18.176707766497007,0.8922634542585763,0.9107489685457548,2.2147651216013804,0.4407447814492208,0.7191100579736864,5.5,1.7654188948306606,1.6376953125,0.0,0.9115617745696803,990.4000000000008,0.8309448688566249,2.21476512160159,37.8549864614954,2.21476512160159,0.8696204721580432,17.958607229781173,39.774096925061485,83.96269358861407,13.36307771993812,561,0,96.55096249085872,0.0,0.0,img16_20220520_hsp-mKate-DN-dynactin_56hpf_3.tif,2.3702249999999996
