,label,area,aspect_ratio,perimeter_skimage,major_axis_length,minor_axis_length,circularity,solidity,eccentricity,roundness_skimage,perimeter_on_border,perimeter_on_border_ratio,filename
0,1,1031,2.757047134912609,148.22539674441617,60.62421847807529,21.98882192124616,0.5896893527734451,0.9172597864768685,0.931903272776764,0.3571712369439772,0.0,0.0,img01_20220429_ET358_56hpf_1.tif
1,2,716,3.827640421484849,173.57463914933368,61.27064580404692,16.007419469219194,0.2986416278599896,0.8374269005847953,0.9652691266913512,0.242838882207961,0.0,0.0,img01_20220429_ET358_56hpf_1.tif
2,3,2629,1.150955210490173,304.4629867976521,70.56761387523206,61.31221548158982,0.3563948691680734,0.7388982574480045,0.4950867622857789,0.6721865824487687,0.0,0.0,img01_20220429_ET358_56hpf_1.tif
3,4,51,1.7841451208985288,25.65685424949238,10.909530433916643,6.114710236363733,0.973583547037986,0.9807692307692308,0.8281594845157472,0.5455922321037713,10.0,0.3702916468685555,img01_20220429_ET358_56hpf_1.tif
4,5,61,2.1830185972350566,33.520815280171306,14.39488455845624,6.594027452028285,0.6821981751872706,0.7261904761904762,0.8889102999225813,0.3748207116883975,0.0,0.0,img01_20220429_ET358_56hpf_1.tif
5,6,2241,2.0352317066588936,205.4446968344225,76.99104320555823,37.82912921101714,0.6672089295930894,0.9203285420944558,0.870965290118536,0.4813617381832308,0.0,0.0,img01_20220429_ET358_56hpf_1.tif
6,7,895,1.4743215239875582,115.39696961967,41.08505459210685,27.86709270918408,0.8445864137535779,0.965480043149946,0.7348052946010113,0.6750958172250102,0.0,0.0,img01_20220429_ET358_56hpf_1.tif
7,8,736,1.112342396166586,126.81118318204308,34.195865313940786,30.742211599403568,0.5751386703617541,0.832579185520362,0.4379409023456079,0.8013841290440702,0.0,0.0,img01_20220429_ET358_56hpf_1.tif
8,9,122,1.154275174790669,40.55634918610404,13.506631762877245,11.70139673611772,0.932077420675863,0.9242424242424242,0.4994468250106266,0.8514827026723281,0.0,0.0,img01_20220429_ET358_56hpf_1.tif
9,10,60,2.0121906598466843,33.798989873223334,13.130205831769166,6.52532888348145,0.6600147972889556,0.8450704225352113,0.8677672642613853,0.4431168864145947,0.0,0.0,img01_20220429_ET358_56hpf_1.tif
10,11,2954,2.515449103280265,382.88939366884495,108.5679005759665,43.160444166566045,0.253205819256018,0.8022813688212928,0.9175834048575902,0.319093332812009,0.0,0.0,img01_20220429_ET358_56hpf_1.tif
11,1,2145,1.311893620399578,319.8061325481597,65.0305254618548,49.56996851775811,0.263550342927292,0.7973977695167286,0.647274576063606,0.6458072091026714,0.0,0.0,img02_20220429_ET358_56hpf_2.tif
12,2,1755,2.013137287289046,252.10764773832477,77.28507229864516,38.390363531897854,0.3469883903297869,0.7503206498503634,0.8679010557786346,0.3741071463617307,0.0,0.0,img02_20220429_ET358_56hpf_2.tif
13,3,164,1.5372138207687749,51.45584412271571,18.15506068615933,11.81036784920384,0.7783667898545522,0.8913043478260869,0.759482624198555,0.6335174134158759,0.0,0.0,img02_20220429_ET358_56hpf_2.tif
14,4,438,1.2382396740658603,78.18376618407356,26.376049071371344,21.301246942575705,0.9004317508264797,0.9563318777292577,0.5897332612873618,0.8016129875100114,0.0,0.0,img02_20220429_ET358_56hpf_2.tif
15,5,1994,1.9123419933631849,222.7228714274745,72.17808245734318,37.7432921035246,0.5051325839329687,0.8385197645079899,0.8523823667285562,0.4873316216523125,0.0,0.0,img02_20220429_ET358_56hpf_2.tif
16,6,182,1.632943654296378,53.21320343559643,19.560479866129,11.978661856864528,0.8076857924485777,0.9238578680203046,0.7905550336109065,0.6056510812005432,0.0,0.0,img02_20220429_ET358_56hpf_2.tif
17,7,184,2.065292539084049,55.698484809834994,22.25904597964192,10.777672198202849,0.7453168245460452,0.9019607843137256,0.8749612722948952,0.4728406966055826,0.0,0.0,img02_20220429_ET358_56hpf_2.tif
18,8,625,2.8957862448757705,143.5035713374682,51.44982577316857,17.767135217321876,0.3813857504006559,0.758495145631068,0.9384815585080092,0.3006230793870535,0.0,0.0,img02_20220429_ET358_56hpf_2.tif
19,9,183,1.802091341376518,79.11269837220809,25.1347215296481,13.947529158232944,0.3674248778179257,0.6559139784946236,0.8319098340370292,0.368818801615712,0.0,0.0,img02_20220429_ET358_56hpf_2.tif
20,10,457,2.318590902963279,91.59797974644664,36.93757414600136,15.931044195331408,0.6844697728619832,0.9232323232323232,0.9022102757593576,0.426471072856367,0.0,0.0,img02_20220429_ET358_56hpf_2.tif
21,11,72,1.3245789756285562,29.556349186104043,11.042301536772165,8.33646142656932,1.035716232528903,0.96,0.6557744441494436,0.7518365074132948,0.0,0.0,img02_20220429_ET358_56hpf_2.tif
22,12,1751,2.6832616863227456,293.770598642227,86.67035771427348,32.300374635859754,0.2549642874571091,0.7403805496828753,0.927959617863998,0.2967939792779198,0.0,0.0,img02_20220429_ET358_56hpf_2.tif
23,13,223,1.7028460598902195,87.70458146424488,24.08220399347261,14.142325933458228,0.3643092230995699,0.7585034013605442,0.8094040518014055,0.489578705836909,0.0,0.0,img02_20220429_ET358_56hpf_2.tif
24,14,2723,3.536090148859597,271.86500705120545,112.43843781905444,31.797390079355385,0.4629679029669546,0.8881278538812786,0.959179423643962,0.274238328939758,0.0,0.0,img02_20220429_ET358_56hpf_2.tif
25,15,191,2.439868896998243,60.2842712474619,24.87418696497489,10.194886698862163,0.6604427859749001,0.8603603603603603,0.9121493014132372,0.3930480963411273,0.0,0.0,img02_20220429_ET358_56hpf_2.tif
26,1,846,6.160640136129863,179.0538238691624,85.33569306736504,13.851757476776308,0.3315988583030247,0.7988668555240793,0.9867380400862532,0.1479173241004292,0.0,0.0,img03_20220429_ET358_56hpf_3.tif
27,2,1162,4.5490521224160965,191.0538238691624,85.08460344698186,18.703809311771888,0.4000410176366575,0.866517524235645,0.9755390935983516,0.2043686558336797,0.0,0.0,img03_20220429_ET358_56hpf_3.tif
28,3,90,1.6378315669942152,47.45584412271571,14.79912250599464,9.035802462370606,0.5021956745686778,0.7563025210084033,0.7919673870582815,0.5232156160192717,0.0,0.0,img03_20220429_ET358_56hpf_3.tif
29,4,1428,3.063289986981444,185.9238815542512,75.64067559176026,24.69262652678088,0.5191199462945202,0.9032258064516128,0.9452157137161804,0.3177807076475325,0.0,0.0,img03_20220429_ET358_56hpf_3.tif
30,5,2097,1.0934640333114198,173.53910524340094,54.37563084697109,49.72786410020388,0.8750111489809784,0.9748953974895398,0.4045297895841535,0.9030253290426368,0.0,0.0,img03_20220429_ET358_56hpf_3.tif
31,6,1071,3.860132219609547,167.05382386916236,73.53527809333718,19.04993764715533,0.4822658307904779,0.9045608108108107,0.965861637079518,0.2521785313586707,0.0,0.0,img03_20220429_ET358_56hpf_3.tif
32,7,2292,2.2607574841330056,323.3919189857866,94.63083856971517,41.85802291217709,0.2754014043179223,0.6998473282442748,0.8968525557905094,0.3258812359207803,0.0,0.0,img03_20220429_ET358_56hpf_3.tif
33,8,295,2.349898532397049,81.49747468305831,31.51029049373544,13.409213231684898,0.5581405507483334,0.855072463768116,0.9049347774180798,0.3782921425283611,0.0,0.0,img03_20220429_ET358_56hpf_3.tif
34,9,116,2.7206919166806487,63.66295090390226,26.500856284281948,9.74048407385061,0.3596618078362213,0.6105263157894737,0.9300023550689752,0.2103043684981771,0.0,0.0,img03_20220429_ET358_56hpf_3.tif
35,10,152,1.6133353017881231,49.698484809834994,18.109463097416064,11.224860125074205,0.7733340904092778,0.8837209302325582,0.7847329920941248,0.5901230212045996,0.0,0.0,img03_20220429_ET358_56hpf_3.tif
36,11,59,1.1989807214041697,30.17766952966369,9.8017156408822,8.175040237013198,0.8141238523572782,0.8428571428571429,0.5517013052136933,0.7819120972804312,0.0,0.0,img03_20220429_ET358_56hpf_3.tif
37,12,547,1.6128674406803285,155.4386001800126,37.7958028025104,23.433917660689858,0.2844981438754095,0.7206851119894598,0.7845909394310131,0.4875400484326961,0.0,0.0,img03_20220429_ET358_56hpf_3.tif
38,13,629,3.4946265791160687,152.12489168102783,55.388846005712864,15.849718060498162,0.3415544480133178,0.7941919191919192,0.9581837575959996,0.2610454513492128,0.0,0.0,img03_20220429_ET358_56hpf_3.tif
39,14,437,2.007128292626507,113.9827560572969,35.80574762447573,17.839291965547805,0.4226812599595922,0.7734513274336283,0.8670482056249311,0.4339963361301921,0.0,0.0,img03_20220429_ET358_56hpf_3.tif
40,15,123,2.760248556931527,56.21320343559643,22.519066689242944,8.158347418638492,0.489145773104244,0.7592592592592593,0.9320668961964786,0.3088264263595518,0.0,0.0,img03_20220429_ET358_56hpf_3.tif
41,16,63,1.9088592863535725,32.3492424049175,12.653780681830302,6.628975101670474,0.7565230850841328,0.9130434782608696,0.8517963327898094,0.5009680884480401,2.0,0.0579795333161662,img03_20220429_ET358_56hpf_3.tif
42,17,65,1.6696626726651191,30.72792206135785,12.133401643163449,7.266977840377833,0.8650811231956068,0.9027777777777778,0.8008063392906951,0.5621579118519802,0.0,0.0,img03_20220429_ET358_56hpf_3.tif
43,18,192,1.2882172087989132,70.18376618407356,20.037016508000363,15.554066791796815,0.4898213982429932,0.732824427480916,0.6304047564619105,0.6088989643177843,0.0,0.0,img03_20220429_ET358_56hpf_3.tif
44,19,180,7.551877413318139,96.56244584051392,45.048657119833926,5.9652262151909685,0.2425860673720873,0.6474820143884892,0.991194043163088,0.112932495499219,0.0,0.0,img03_20220429_ET358_56hpf_3.tif
45,20,367,4.285461919488094,137.98885271170678,47.90917739928079,11.179466367771065,0.2422076860969351,0.7399193548387096,0.9723935124308618,0.2035817084920833,0.0,0.0,img03_20220429_ET358_56hpf_3.tif
46,21,129,1.2959745073186515,44.970562748477136,15.081909246964772,11.637504566481772,0.8015727226936928,0.8716216216216216,0.6360836393050009,0.722083103236719,0.0,0.0,img03_20220429_ET358_56hpf_3.tif
47,22,86,1.561238190699281,39.62741699796952,13.612555330951102,8.719076571432074,0.6882033546932769,0.8514851485148515,0.7679437780852709,0.5909207682664782,0.0,0.0,img03_20220429_ET358_56hpf_3.tif
48,23,534,4.959798168491047,134.46803743153546,61.885387741293975,12.477400418114552,0.37111882826263,0.7934621099554234,0.9794635924763634,0.1775313857198515,0.0,0.0,img03_20220429_ET358_56hpf_3.tif
49,24,96,2.0100520871424266,40.62741699796952,15.881740406131868,7.901158635500839,0.7308742709481018,0.9056603773584906,0.8674642367963703,0.4846019592339236,0.0,0.0,img03_20220429_ET358_56hpf_3.tif
50,25,106,1.398917394465517,38.97056274847714,13.872300514183262,9.916454373264433,0.8770863958467844,0.9217391304347826,0.6992895902719328,0.701324494373125,0.0,0.0,img03_20220429_ET358_56hpf_3.tif
51,26,1504,3.2981827114124505,333.4274528917194,94.85033436986696,28.75836261031373,0.1700023757910805,0.6356720202874049,0.9529278117321912,0.2128532190061124,0.0,0.0,img03_20220429_ET358_56hpf_3.tif
52,27,957,3.8881523158422073,152.75230867899737,69.96686391535192,17.994887605167417,0.5154021621633171,0.9264278799612778,0.9663604379960378,0.248907074252046,0.0,0.0,img03_20220429_ET358_56hpf_3.tif
53,28,132,1.4111175422138829,52.2842712474619,16.158203598995314,11.450643277841284,0.6067945578278982,0.8407643312101911,0.7055519634322804,0.6437213266555311,0.0,0.0,img03_20220429_ET358_56hpf_3.tif
54,1,362,2.5337174600487566,97.15432893255073,35.32365556004136,13.941434322105364,0.4819412745461471,0.8497652582159625,0.9188199320508362,0.3693919327423067,0.0,0.0,img05_20220513_ET358_56hpf_1.tif
55,2,1748,2.48100755443145,180.7106781186548,74.9422329494526,30.206370317411803,0.6726415040676632,0.9546695794647734,0.9151726508756652,0.396276472936208,0.0,0.0,img05_20220513_ET358_56hpf_1.tif
56,3,162,2.1890835693635946,64.94112549695427,22.61243297205729,10.329634413468796,0.4827088444949021,0.7980295566502463,0.8895631781184051,0.4033950345510059,0.0,0.0,img05_20220513_ET358_56hpf_1.tif
57,4,3980,2.31402586358265,338.3624817342638,113.78167683063818,49.170443002083694,0.4368461703598338,0.8754949406071272,0.9018030394510752,0.3914249737521497,0.0,0.0,img05_20220513_ET358_56hpf_1.tif
58,5,91,1.554402329196691,41.21320343559642,14.517670842496123,9.339712486148164,0.673253330757936,0.8504672897196262,0.7655855636194986,0.5497403568474474,0.0,0.0,img05_20220513_ET358_56hpf_1.tif
59,6,131,2.8417323247832305,52.2842712474619,22.25263627249819,7.830658812735164,0.602197629359505,0.8733333333333333,0.9360383422625852,0.3368359801048363,0.0,0.0,img05_20220513_ET358_56hpf_1.tif
60,7,3527,2.6739834198292645,377.889393668845,118.6018947707969,44.35401277782407,0.3103744181840679,0.8121114437025098,0.9274392294755318,0.3192510421658759,0.0,0.0,img05_20220513_ET358_56hpf_1.tif
61,8,1666,2.185042611573856,289.0782104868019,71.77034289526487,32.84619829156086,0.2505267738960844,0.7929557353641123,0.8891288375840602,0.4118082789647582,0.0,0.0,img05_20220513_ET358_56hpf_1.tif
62,9,222,1.267803791706534,122.39696961967,22.972848998960227,18.12019269009876,0.1862179355464127,0.6626865671641791,0.6146941119053687,0.5355911314417499,0.0,0.0,img05_20220513_ET358_56hpf_1.tif
63,10,64,1.1516390802904868,37.7634559672906,10.808766007278663,9.385549858686876,0.5639574954708216,0.7191011235955056,0.4959911058171978,0.6974898022219512,0.0,0.0,img05_20220513_ET358_56hpf_1.tif
64,11,89,2.08631238516253,44.8700576850888,17.00651956770218,8.151473235096251,0.5555032638054471,0.7807017543859649,0.8776431552537187,0.3918043370284981,0.0,0.0,img05_20220513_ET358_56hpf_1.tif
65,12,932,2.5952054662189767,182.58073580374355,60.777443605933634,23.419125921648853,0.3513305134999984,0.7786131996658312,0.9227805349787648,0.3212485476646601,0.0,0.0,img05_20220513_ET358_56hpf_1.tif
66,13,565,3.7170357859739385,154.29646455628165,59.51469559246676,16.01133242166855,0.298226589334579,0.7133838383838383,0.963131356809985,0.2031000981392239,0.0,0.0,img05_20220513_ET358_56hpf_1.tif
67,14,97,1.8511552961348667,36.970562748477136,15.183263704833868,8.202047519479255,0.8918041228682748,0.9326923076923076,0.8415346167990724,0.5357369278857294,0.0,0.0,img05_20220513_ET358_56hpf_1.tif
68,15,1071,2.6512179440926213,149.68124086713192,61.31266425825482,23.126225588081205,0.6007096175325546,0.9099405267629568,0.9261378803453776,0.3627431441712814,0.0,0.0,img05_20220513_ET358_56hpf_1.tif
69,16,117,1.4996361985861677,46.21320343559643,15.484220902019318,10.325318178247224,0.6884360074265609,0.8297872340425532,0.7452113063263824,0.6213227610053863,0.0,0.0,img05_20220513_ET358_56hpf_1.tif
70,17,96,3.422095593603021,54.49137802864844,22.67571574928809,6.626266020059806,0.4062800668973662,0.732824427480916,0.9563515498936368,0.2377165086503021,0.0,0.0,img05_20220513_ET358_56hpf_1.tif
71,18,675,1.9059476546031244,306.35028842544403,49.46100642475662,25.950873469846623,0.0903809807655631,0.6490384615384616,0.8513036140192894,0.351307962504374,0.0,0.0,img05_20220513_ET358_56hpf_1.tif
72,19,78,1.9762884934386744,34.384776310850235,14.11394354891929,7.141641311872191,0.8290334614869912,0.9069767441860463,0.8625340646673225,0.4985491374240231,0.0,0.0,img05_20220513_ET358_56hpf_1.tif
73,1,252,3.90596929380822,84.01219330881975,36.31411492714777,9.297081516926736,0.448668684967667,0.8571428571428571,0.9666719092059106,0.2433098729869701,0.0,0.0,img06_20220513_ET358_56hpf_2.tif
74,2,232,3.1611594846976745,69.21320343559641,31.018290734091053,9.812314400536348,0.6085831840806869,0.9027237354085604,0.9486460050232612,0.3070169683563996,0.0,0.0,img06_20220513_ET358_56hpf_2.tif
75,3,147,4.5809274488955465,64.18376618407356,30.92241817983512,6.750252765363149,0.4484115645841018,0.8076923076923077,0.975882512887594,0.1957404377645487,0.0,0.0,img06_20220513_ET358_56hpf_2.tif
76,4,321,1.5518053309908608,74.18376618407358,25.92848492173071,16.708593793252934,0.732988465517899,0.9067796610169492,0.7646795513012992,0.6079402115099767,0.0,0.0,img06_20220513_ET358_56hpf_2.tif
77,5,4245,2.8199407909960867,389.5462479183374,135.84093402475025,48.17155539523481,0.3515357576840819,0.7676311030741411,0.9350115066613712,0.2929048042580935,0.0,0.0,img06_20220513_ET358_56hpf_2.tif
78,6,514,1.6196897250566569,93.15432893255073,33.1387447067052,20.45993389600962,0.7443323589177354,0.927797833935018,0.7866476486365033,0.5959380711105747,0.0,0.0,img06_20220513_ET358_56hpf_2.tif
79,7,270,1.250285895648442,62.90559159102153,20.859853527222132,16.68406690007767,0.8574229942655996,0.9246575342465754,0.600243831069535,0.7900441717978832,0.0,0.0,img06_20220513_ET358_56hpf_2.tif
80,8,484,2.589409586961731,118.08326112068522,42.71598047069448,16.496417054211587,0.436192856051226,0.7670364500792393,0.92241991706561,0.337733951814958,0.0,0.0,img06_20220513_ET358_56hpf_2.tif
81,9,144,1.7416227826582196,47.21320343559643,18.0123157981801,10.342260090723034,0.8117932187106066,0.9230769230769232,0.8187310939438994,0.565110667669567,0.0,0.0,img06_20220513_ET358_56hpf_2.tif
82,10,223,1.5949996560911834,71.01219330881975,24.120251365083167,15.122417909602516,0.5557108468393288,0.7964285714285714,0.7790519445319802,0.4880353975704203,0.0,0.0,img06_20220513_ET358_56hpf_2.tif
83,11,1077,2.3906598056540083,212.17261889578035,70.5040302054272,29.49145254321936,0.3006400903654818,0.6777847702957835,0.9083114323322232,0.2758658461764925,0.0,0.0,img06_20220513_ET358_56hpf_2.tif
84,12,154,1.2560133219821137,44.38477631085024,15.748338082414218,12.538352744190467,0.9823415503634044,0.9506172839506172,0.6050731290947662,0.7906083199616889,0.0,0.0,img06_20220513_ET358_56hpf_2.tif
85,13,208,1.7114180129058072,55.38477631085024,21.445298463177583,12.53071914719755,0.8521035741452083,0.9369369369369368,0.8115299799127744,0.5758498576914372,0.0,0.0,img06_20220513_ET358_56hpf_2.tif
86,14,253,1.3040256954097462,69.73401871576773,21.666410435543256,16.615018025956395,0.6537941002662643,0.834983498349835,0.6418191266867465,0.6862094712340209,0.0,0.0,img06_20220513_ET358_56hpf_2.tif
87,15,1884,2.40235979060009,189.82337649086287,76.39026546948422,31.79801200818573,0.6570393408940199,0.9524772497472194,0.9092468261757796,0.4110692385453418,0.0,0.0,img06_20220513_ET358_56hpf_2.tif
88,16,82,1.364884512745163,31.556349186104043,11.941621916974684,8.749181198456679,1.0347852038717007,0.9647058823529412,0.6805919028948636,0.7321453985630281,0.0,0.0,img06_20220513_ET358_56hpf_2.tif
89,17,66,2.0484179333023533,30.97056274847714,13.211112975310442,6.449422630279441,0.8646803826429232,0.9166666666666666,0.8727420574259674,0.481476662310173,0.0,0.0,img06_20220513_ET358_56hpf_2.tif
90,18,198,2.341480302669368,58.87005768508881,24.559760043155475,10.488988532235998,0.7179366621072196,0.908256880733945,0.9042137233634616,0.4179526376068584,0.0,0.0,img06_20220513_ET358_56hpf_2.tif
91,19,101,2.559260976634996,48.62741699796952,19.52249585833317,7.628177054456564,0.5367460231422188,0.7829457364341085,0.9205020221387262,0.3374122249554381,0.0,0.0,img06_20220513_ET358_56hpf_2.tif
92,20,145,2.1333771459551043,48.38477631085023,20.06596323137422,9.405727097723627,0.7783239439747797,0.9006211180124224,0.8833359849705883,0.4585198024658435,0.0,0.0,img06_20220513_ET358_56hpf_2.tif
93,21,177,2.0740920793817352,54.8700576850888,22.045394597989123,10.628937267124911,0.7387751807634411,0.921875,0.8760949156997017,0.4637112489471249,0.0,0.0,img06_20220513_ET358_56hpf_2.tif
94,22,128,1.3470528646387838,43.21320343559643,15.081906193264004,11.19622443125739,0.8613643818276148,0.9078014184397164,0.6699997070261247,0.7164858499408543,0.0,0.0,img06_20220513_ET358_56hpf_2.tif
95,23,758,2.850593662897748,204.75230867899737,61.642075271437385,21.62429394050348,0.2272068679527932,0.6954128440366972,0.9364488612483044,0.253994797596706,0.0,0.0,img06_20220513_ET358_56hpf_2.tif
96,24,964,1.5382199155237093,159.02438661763952,44.67529236526857,29.04350146192082,0.4790263899504431,0.8827838827838828,0.7598468643946517,0.6149677566832114,0.0,0.0,img06_20220513_ET358_56hpf_2.tif
97,25,70,2.282112707480407,36.59188309203678,14.858992511866855,6.51106865281518,0.6569591784257478,0.8045977011494253,0.898882154299122,0.403672747854238,0.0,0.0,img06_20220513_ET358_56hpf_2.tif
98,26,169,1.3158797685345232,52.52691193458118,17.486827675857054,13.289077082879608,0.7697201042578087,0.8802083333333334,0.6499840508696759,0.7036792789197559,0.0,0.0,img06_20220513_ET358_56hpf_2.tif
99,27,66,1.4924406202323848,29.556349186104047,11.233963950608526,7.527243495194676,0.9494065464848276,0.9166666666666666,0.7423219186264708,0.6658677824469331,0.0,0.0,img06_20220513_ET358_56hpf_2.tif
100,28,219,1.9226912607528828,65.1126983722081,24.60615454614041,12.797766884583014,0.6491164148955725,0.8656126482213439,0.8541027531569412,0.4605393447165711,0.0,0.0,img06_20220513_ET358_56hpf_2.tif
101,29,628,2.890054330600967,111.39696961967,48.44872368269562,16.76394909594002,0.6359496818137451,0.9429429429429428,0.9382292547165147,0.3406474020353238,0.0,0.0,img06_20220513_ET358_56hpf_2.tif
102,30,109,2.705768765106165,47.62741699796952,19.725373403205843,7.290117935274446,0.6038405920383143,0.8582677165354331,0.9291986239557544,0.3566860711738215,0.0,0.0,img06_20220513_ET358_56hpf_2.tif
103,31,52,1.3973123955568412,30.31370849898476,10.94537787948134,7.833164519462745,0.7111071862862687,0.7878787878787878,0.6984492592444621,0.5526522502329557,0.0,0.0,img06_20220513_ET358_56hpf_2.tif
104,32,440,3.19627253404159,98.08326112068522,43.75300013854216,13.688757661480706,0.5747417505298238,0.8678500986193294,0.9497977918504203,0.2926490504495143,0.0,0.0,img06_20220513_ET358_56hpf_2.tif
105,33,1667,2.689320197073603,218.75230867899737,77.94422421294882,28.98287243659725,0.4377641304697189,0.8518140010219724,0.9282963619478656,0.3493637501928552,0.0,0.0,img06_20220513_ET358_56hpf_2.tif
106,34,225,2.3018430887078707,65.698484809835,26.46311705775744,11.496490437413955,0.6550608959416084,0.8620689655172413,0.9007034387531855,0.4090822547526242,0.0,0.0,img06_20220513_ET358_56hpf_2.tif
107,35,370,2.4587489599060017,87.66904755831213,34.993314615349874,14.23216244764072,0.6049493456869187,0.8851674641148325,0.9135569191906402,0.384717267886964,0.0,0.0,img06_20220513_ET358_56hpf_2.tif
108,1,82,1.229034107148445,32.14213562373095,11.395072466022684,9.271567322457038,0.997411239597103,0.942528735632184,0.5813591366447382,0.8040624636323985,0.0,0.0,img08_20220513_ET358_56hpf_4.tif
109,2,4293,1.5016268430216673,455.3452377915607,101.99117645168336,67.92045369037913,0.2601891334614979,0.7515756302521008,0.7460013703593797,0.5254674325300703,0.0,0.0,img08_20220513_ET358_56hpf_4.tif
110,3,1126,1.3814389141983896,149.5391052434009,45.121397538232365,32.66260786088761,0.6327595361865072,0.9008,0.6899228615032554,0.7041795751120926,0.0,0.0,img08_20220513_ET358_56hpf_4.tif
111,4,2542,1.8121474082735447,267.8355697996826,78.72121450486877,43.4408449033776,0.445296113434445,0.8541666666666666,0.83395563990451,0.5222784341491084,0.0,0.0,img08_20220513_ET358_56hpf_4.tif
112,5,2200,1.419901996633646,184.50966799187808,63.29534098108231,44.5772603539858,0.8120715394099425,0.9561060408518036,0.709928300063578,0.6991805071100404,0.0,0.0,img08_20220513_ET358_56hpf_4.tif
113,6,2762,2.197357629456337,328.49242404917493,107.3798381759254,48.86771126213667,0.3216494568161285,0.6741518184037101,0.8904443953036081,0.3049918979878321,0.0,0.0,img08_20220513_ET358_56hpf_4.tif
114,7,539,2.789091419530231,155.7462120245875,51.11187553003752,18.32563650374943,0.2792310077102268,0.7527932960893855,0.933514479661428,0.2626970820378702,38.0,0.249559999180223,img08_20220513_ET358_56hpf_4.tif
115,8,52,1.4652582446068672,26.970562748477143,10.248114593945443,6.994067176666897,0.898324390064651,0.912280701754386,0.7309102884056223,0.6304135165945411,0.0,0.0,img08_20220513_ET358_56hpf_4.tif
116,9,83,1.432769525262276,34.76345596729059,12.454850043611836,8.692849634229837,0.8630621420211577,0.8924731182795699,0.7161475052734939,0.6812573565161433,0.0,0.0,img08_20220513_ET358_56hpf_4.tif
117,10,66,1.2248103744748862,31.384776310850235,10.395495726087988,8.487432783662415,0.8420070431686324,0.8918918918918919,0.5774120178326787,0.7776132387467249,0.0,0.0,img08_20220513_ET358_56hpf_4.tif
118,1,80,1.825449344276949,35.55634918610404,14.10007865773443,7.724168683146559,0.7951801418358099,0.8888888888888888,0.8366025621277721,0.5123385500370014,0.0,0.0,img10_20220513_ET358_56hpf_6.tif
119,2,206,2.035536012925488,60.2842712474619,23.52319083864185,11.556263652065848,0.7123100204755467,0.9155555555555556,0.8710067244889111,0.4740071308494865,0.0,0.0,img10_20220513_ET358_56hpf_6.tif
120,3,155,1.4632748068402408,50.62741699796952,17.67537917028676,12.0793299301411,0.7599237565789231,0.8707865168539326,0.7300454170350003,0.631690490119983,0.0,0.0,img10_20220513_ET358_56hpf_6.tif
121,4,61,1.7713565545576748,30.14213562373095,11.96842588515022,6.75664414053491,0.8437070145438514,0.8714285714285714,0.8254063404998072,0.5422079538702698,0.0,0.0,img10_20220513_ET358_56hpf_6.tif
122,5,103,1.4383523937196547,40.62741699796952,14.481428882187354,10.06806742590918,0.7841671865380674,0.865546218487395,0.7187777519340021,0.62535195477906,0.0,0.0,img10_20220513_ET358_56hpf_6.tif
123,6,57,1.4909270857062566,29.86396103067893,11.247915851084809,7.544242745953358,0.8031374905101946,0.8142857142857143,0.7417073792566811,0.5736418887774339,0.0,0.0,img10_20220513_ET358_56hpf_6.tif
124,7,2904,1.553785839965973,292.04877323527904,87.60512897200914,56.38172695274893,0.4278541052988939,0.753502854177478,0.765370997704125,0.4817787760896998,0.0,0.0,img10_20220513_ET358_56hpf_6.tif
125,8,81,1.2670529077345891,31.556349186104043,11.453355531229352,9.039366439486122,1.0221658721171678,0.9418604651162792,0.6140938293621913,0.7861938698745949,0.0,0.0,img10_20220513_ET358_56hpf_6.tif
126,9,3238,2.397188878032175,360.469083452062,108.7323685245192,45.35828174448079,0.3131487365987856,0.8160282258064516,0.90883522793888,0.3487139057985799,0.0,0.0,img10_20220513_ET358_56hpf_6.tif
127,10,2392,1.4146584846124697,299.237590053236,71.51432966007602,50.55236330036686,0.3356902615543727,0.8452296819787986,0.707329102418363,0.5955046399373929,0.0,0.0,img10_20220513_ET358_56hpf_6.tif
128,11,1657,1.097233221531115,155.82337649086284,48.67769503587746,44.36403681612104,0.8575652039078596,0.9729888432178508,0.4115586683280889,0.8903743001585837,0.0,0.0,img10_20220513_ET358_56hpf_6.tif
129,12,2185,1.0839063921574743,199.23759005323595,55.9223398460278,51.59332969216697,0.6917015445717412,0.9333618111917984,0.3857845666754197,0.8895920458598895,0.0,0.0,img10_20220513_ET358_56hpf_6.tif
130,13,111,2.3850627932411768,53.83452377915607,20.061437262981293,8.411282637854091,0.4812947136055581,0.7762237762237763,0.9078587394882373,0.3511632093233873,0.0,0.0,img10_20220513_ET358_56hpf_6.tif
131,14,887,2.732233920692846,180.12489168102783,58.51400383011171,21.41617647996757,0.3435468877444313,0.8455672068636797,0.9306145072050598,0.3298481912030653,18.0,0.1037759318976976,img10_20220513_ET358_56hpf_6.tif
132,1,310,2.3788436979137386,82.90559159102155,31.8014173914687,13.368435017129856,0.5667661609065943,0.8587257617728532,0.907351711412146,0.3902823025763999,0.0,0.0,img12_20220513_ET358_56hpf_8.tif
133,2,5404,1.1930990069110408,801.1869042456532,111.74115239031684,93.6562278093057,0.1057931431804731,0.6022511980385601,0.5454345633209068,0.551060354303947,0.0,0.0,img12_20220513_ET358_56hpf_8.tif
134,3,109,3.5120609744075657,59.45584412271571,24.98879521697392,7.115137065975675,0.3874781907425443,0.6770186335403726,0.9586068345072694,0.2222521549306546,0.0,0.0,img12_20220513_ET358_56hpf_8.tif
135,4,1385,1.565591681962138,185.4386001800126,59.86170822992701,38.23583691687926,0.5061268262929242,0.78827546955037,0.7694258466313828,0.4921094222288813,0.0,0.0,img12_20220513_ET358_56hpf_8.tif
136,5,163,2.0715205627982107,49.698484809834994,20.82325326760932,10.052158613130668,0.8292990574783702,0.9421965317919077,0.8757652725592552,0.4786307098401423,0.0,0.0,img12_20220513_ET358_56hpf_8.tif
137,6,1400,1.1285792393561804,181.16652224137047,45.3598036435184,40.191952910098514,0.5360212469732336,0.9216589861751152,0.4635518089028941,0.8663548730349786,0.0,0.0,img12_20220513_ET358_56hpf_8.tif
138,7,2876,2.810733089893131,239.4386001800126,102.67020605511854,36.52791025384137,0.6303915978596965,0.9602671118530884,0.9345700907636644,0.347384257140039,0.0,0.0,img12_20220513_ET358_56hpf_8.tif
139,8,57,2.46057216237094,31.556349186104047,13.621749232437002,5.536008835973931,0.7193019100083772,0.8382352941176471,0.9136910232733928,0.3911282748341054,0.0,0.0,img12_20220513_ET358_56hpf_8.tif
140,9,247,3.5289950378745347,98.11879502661796,38.56822230721311,10.928953397010789,0.3224054726367633,0.6842105263157895,0.9590116066304714,0.2114208567392709,0.0,0.0,img12_20220513_ET358_56hpf_8.tif
141,10,69,2.345060564835842,33.79898987322333,14.576384015698231,6.215781474590019,0.7590170168822993,0.8846153846153846,0.904521406093036,0.4134848548221101,0.0,0.0,img12_20220513_ET358_56hpf_8.tif
142,11,143,2.469539660700628,63.14213562373095,26.106139752138176,10.57125753741961,0.4507205587651682,0.7295918367346939,0.9143460195922148,0.2671534819728087,25.0,0.3856070868622341,img12_20220513_ET358_56hpf_8.tif
143,1,55,1.193840194725632,26.48528137423857,9.32685579380254,7.812482637968172,0.9852884032416418,0.9166666666666666,0.5462333553418754,0.805011869914872,8.0,0.287861544422366,img13_20220513_ET358_56hpf_9.tif
144,2,74,1.3191130708313654,32.9350288425444,11.457434903559149,8.685710995447984,0.8572855184422171,0.8705882352941177,0.6521556102835719,0.7177398200803105,0.0,0.0,img13_20220513_ET358_56hpf_9.tif
145,3,1523,2.1479978312503887,246.76450198781717,68.8538447405271,32.05489490668899,0.3143000119106172,0.7592223330009971,0.8850216758370323,0.4090285571016508,0.0,0.0,img13_20220513_ET358_56hpf_9.tif
146,4,51,1.1817348762797026,25.72792206135786,8.865860749364957,7.502411012253575,0.9682123483556624,0.9107142857142856,0.5328439927616282,0.8261111485334359,0.0,0.0,img13_20220513_ET358_56hpf_9.tif
147,5,106,1.8105199757692585,48.83452377915607,16.848835410172313,9.3060754013573,0.558549690341396,0.7851851851851852,0.8336272042161561,0.4754186431126425,0.0,0.0,img13_20220513_ET358_56hpf_9.tif
148,6,519,2.4137863935829658,173.64570696119915,43.94080539241202,18.20409855206258,0.2162963149544002,0.674025974025974,0.9101463578597884,0.3422484191296151,0.0,0.0,img13_20220513_ET358_56hpf_9.tif
149,7,51,1.661952640371641,30.72792206135785,11.66059186282089,7.016199848037417,0.6787559581996299,0.7611940298507462,0.7987207697382095,0.4775722739378679,0.0,0.0,img13_20220513_ET358_56hpf_9.tif
150,8,68,1.741966773132334,30.72792206135785,12.412093895433795,7.125333322583916,0.9050079442661734,0.9066666666666666,0.8188105986985401,0.5619904385712868,0.0,0.0,img13_20220513_ET358_56hpf_9.tif
151,9,59,1.2807868128705282,29.556349186104043,10.041477089721267,7.84008469545067,0.84871191276674,0.855072463768116,0.6248184611736421,0.7450182764998133,0.0,0.0,img13_20220513_ET358_56hpf_9.tif
152,10,1012,4.54460197994768,239.072113832392,83.29520911451064,18.32838375770579,0.2225012901300631,0.7151943462897526,0.9754905630786456,0.1857165406579669,0.0,0.0,img13_20220513_ET358_56hpf_9.tif
153,11,217,2.5885714428135937,73.2842712474619,28.266601926725237,10.919768896160516,0.5077478006090131,0.8314176245210728,0.9223675556937222,0.3457981350869143,0.0,0.0,img13_20220513_ET358_56hpf_9.tif
154,12,2046,1.911895183987124,346.43354954612926,90.66084997336432,47.419362072086734,0.2142276906473378,0.62,0.8523073837884907,0.316939358996105,0.0,0.0,img13_20220513_ET358_56hpf_9.tif
155,13,60,1.7223537516579346,33.72792206135786,13.161976282523302,7.641854218306551,0.662799150547756,0.7228915662650602,0.8141883616100116,0.4409802722600945,0.0,0.0,img13_20220513_ET358_56hpf_9.tif
156,14,96,2.350859470894976,42.627416997969526,17.585824041708992,7.480593484821976,0.6639006016082764,0.8495575221238938,0.9050165570274106,0.395235462575402,0.0,0.0,img13_20220513_ET358_56hpf_9.tif
157,15,70,1.423201732601182,30.97056274847714,11.37986562157165,7.995961050983755,0.9170852543182518,0.8974358974358975,0.711544457583865,0.6882304619732988,0.0,0.0,img13_20220513_ET358_56hpf_9.tif
158,16,68,1.316681647988901,29.31370849898476,10.766841895611332,8.17725523254357,0.994436936676639,0.9315068493150684,0.6505247806740725,0.7468654334770979,0.0,0.0,img13_20220513_ET358_56hpf_9.tif
159,17,52,1.1902638967282857,27.106601717798213,9.06750214172295,7.6180603029690035,0.8893302367535848,0.8524590163934426,0.5423543841085147,0.8052637118150933,0.0,0.0,img13_20220513_ET358_56hpf_9.tif
160,18,208,1.464976415690181,58.04163056034261,20.232882530689125,13.81106365535379,0.7758789866169594,0.8888888888888888,0.7307876742259167,0.6469309568456726,0.0,0.0,img13_20220513_ET358_56hpf_9.tif
161,19,63,1.3119365240472525,30.970562748477143,10.36723460319693,7.902237961341741,0.8253767288864265,0.9,0.6473039308318708,0.7463195449016407,0.0,0.0,img13_20220513_ET358_56hpf_9.tif
162,20,64,2.280060397578429,42.38477631085024,15.949932023866577,6.99539891171586,0.4476824268127979,0.6597938144329897,0.8986897735808188,0.3203114176835151,0.0,0.0,img13_20220513_ET358_56hpf_9.tif
163,21,277,1.8331477389338584,78.76955262170047,27.106113312988565,14.786649617642508,0.5610129358675395,0.8123167155425219,0.8381044634725845,0.480015640880469,0.0,0.0,img13_20220513_ET358_56hpf_9.tif
164,22,152,1.4191470531546813,46.04163056034261,16.63992582414597,11.725300621353076,0.9010565759281012,0.9212121212121211,0.7095564352659185,0.6989577659246293,0.0,0.0,img13_20220513_ET358_56hpf_9.tif
165,23,2817,4.32739250046048,468.3097038856279,169.60073391985352,39.19236212148684,0.161409984998933,0.5155563689604685,0.9729333182385792,0.1246928384391034,0.0,0.0,img13_20220513_ET358_56hpf_9.tif
166,24,851,2.431415218363758,133.01828996322962,51.90640977387652,21.348229369398855,0.6043892112850814,0.8827800829875518,0.9115076564289568,0.4021589115859641,0.0,0.0,img13_20220513_ET358_56hpf_9.tif
167,25,219,2.150240838475903,68.18376618407356,24.93885442437205,11.598167971755563,0.5919595161836466,0.85546875,0.885276965232373,0.4483335435287969,0.0,0.0,img13_20220513_ET358_56hpf_9.tif
168,26,177,1.2390213568413142,56.49137802864845,17.024215941237717,13.74005044161484,0.6969775550621937,0.8719211822660099,0.5904303580662874,0.7775872773910039,0.0,0.0,img13_20220513_ET358_56hpf_9.tif
169,27,435,1.1373412209580749,87.59797974644667,25.32785810855002,22.26935737650862,0.712378724336499,0.9006211180124224,0.4763724128158079,0.8633809193206958,0.0,0.0,img13_20220513_ET358_56hpf_9.tif
170,28,317,3.248836075152801,87.2842712474619,37.31366266100667,11.485240189981488,0.5228741188587872,0.9378698224852072,0.9514502591344424,0.2898902568217552,34.0,0.3961554546485732,img13_20220513_ET358_56hpf_9.tif
171,1,194,2.4469893251430443,64.04163056034261,25.057903290904694,10.240299388899,0.5944109922330996,0.8699551569506726,0.9126842542049248,0.3933891621953171,0.0,0.0,img14_20220520_hsp-mKate-DN-dynactin_56hpf_1.tif
172,2,2623,2.9833150271440427,389.10259710444143,121.5832075403642,40.75439785410695,0.2177107608179476,0.7026520225020091,0.9421478532060336,0.2259234004814922,0.0,0.0,img14_20220520_hsp-mKate-DN-dynactin_56hpf_1.tif
173,3,84,1.4841691701489312,33.97056274847714,12.717320209787562,8.568645991016929,0.9147105062826564,0.9130434782608696,0.7389341598437006,0.6612994958541927,0.0,0.0,img14_20220520_hsp-mKate-DN-dynactin_56hpf_1.tif
174,4,919,1.508647819478537,320.18481220460006,56.09235745030427,37.18055117044649,0.1126481127886121,0.5437869822485207,0.7487564428014549,0.3718932057634097,0.0,0.0,img14_20220520_hsp-mKate-DN-dynactin_56hpf_1.tif
175,5,134,2.4650187713213048,55.66295090390226,22.07984493044385,8.957272531684845,0.5434783021511964,0.788235294117647,0.9140167608366876,0.3499636029800931,0.0,0.0,img14_20220520_hsp-mKate-DN-dynactin_56hpf_1.tif
176,6,400,2.891852240492476,90.66904755831214,38.63484768596907,13.359896866442128,0.6114370454617525,0.9280742459396752,0.9383085628005736,0.341202104445121,0.0,0.0,img14_20220520_hsp-mKate-DN-dynactin_56hpf_1.tif
177,7,52,1.587543591079011,28.38477631085024,10.656556844392304,6.712607391869679,0.8110399656987514,0.8524590163934426,0.7766730309242982,0.5830148951300301,0.0,0.0,img14_20220520_hsp-mKate-DN-dynactin_56hpf_1.tif
178,8,433,2.432758097734056,149.57463914933368,45.46158762045204,18.68726186249111,0.2432102268549409,0.5939643347050755,0.9116100600271092,0.2667526967296438,0.0,0.0,img14_20220520_hsp-mKate-DN-dynactin_56hpf_1.tif
179,9,340,3.201305171323509,93.42640687119284,38.22996199596832,11.941992390610793,0.4894963842798684,0.8395061728395061,0.9499596636833711,0.2961974416700279,0.0,0.0,img14_20220520_hsp-mKate-DN-dynactin_56hpf_1.tif
180,10,1017,1.5721872840527702,216.82337649086284,52.47828198262716,33.37915432527168,0.2718432855558675,0.7488954344624448,0.77164245688156,0.4701883388170534,0.0,0.0,img14_20220520_hsp-mKate-DN-dynactin_56hpf_1.tif
181,11,97,2.6750246831909616,58.07716446627536,21.7212128432836,8.120004641367638,0.3613855551281802,0.6423841059602649,0.9274979150874928,0.2617662855790298,0.0,0.0,img14_20220520_hsp-mKate-DN-dynactin_56hpf_1.tif
182,12,176,3.104503725338928,62.2842712474619,27.17547262498314,8.753564185855925,0.5701193181612585,0.88,0.9467013385983926,0.3034370270279852,0.0,0.0,img14_20220520_hsp-mKate-DN-dynactin_56hpf_1.tif
183,13,404,3.3426584654311378,109.49747468305831,44.07814907878216,13.18655481396809,0.4234313631366556,0.7784200385356455,0.954201997433543,0.264755374452469,0.0,0.0,img14_20220520_hsp-mKate-DN-dynactin_56hpf_1.tif
184,14,919,2.9850851656614243,142.12489168102783,59.92087488683505,20.07342221794131,0.5717222339447583,0.9226907630522088,0.942218548117028,0.3258887275517892,0.0,0.0,img14_20220520_hsp-mKate-DN-dynactin_56hpf_1.tif
185,15,93,2.596279768830461,46.59188309203678,19.00452843400279,7.319907762699898,0.5383593814073248,0.744,0.9228470971834114,0.3278527808014629,0.0,0.0,img14_20220520_hsp-mKate-DN-dynactin_56hpf_1.tif
186,16,1250,2.042399772045528,166.68124086713186,57.44106640376266,28.124301221515324,0.5653877924225045,0.9090909090909092,0.8719358625428879,0.4823642839199673,0.0,0.0,img14_20220520_hsp-mKate-DN-dynactin_56hpf_1.tif
187,17,297,3.5942295915965308,106.53300858899104,38.86413720305531,10.812925611074316,0.3288500628580981,0.7481108312342569,0.9605162936704332,0.2503620544164461,0.0,0.0,img14_20220520_hsp-mKate-DN-dynactin_56hpf_1.tif
188,18,987,3.216896476949094,177.33809511662423,65.37191991374,20.32142482114897,0.394387315395844,0.834319526627219,0.9504561632587086,0.2940659845484654,0.0,0.0,img14_20220520_hsp-mKate-DN-dynactin_56hpf_1.tif
189,19,4316,3.652581912551133,571.2569260369921,186.7848368640877,51.13775442578056,0.1661989757011022,0.564625850340136,0.9617926453525748,0.1575100682846737,0.0,0.0,img14_20220520_hsp-mKate-DN-dynactin_56hpf_1.tif
190,20,151,3.1376440214026577,68.35533905932738,29.444303943434672,9.384207941559872,0.4061083579442974,0.6711111111111111,0.9478521174031012,0.2217606478181427,0.0,0.0,img14_20220520_hsp-mKate-DN-dynactin_56hpf_1.tif
191,21,2054,2.53614337031619,264.37972567696687,86.71310852873975,34.1909331876332,0.3692784872389231,0.826226870474658,0.9189820040897,0.3478091854841955,0.0,0.0,img14_20220520_hsp-mKate-DN-dynactin_56hpf_1.tif
192,22,112,2.07942832529964,45.62741699796952,17.973324943109812,8.643397189715547,0.676045800286876,0.8818897637795275,0.8767746803852031,0.4414395995422767,0.0,0.0,img14_20220520_hsp-mKate-DN-dynactin_56hpf_1.tif
193,23,60,2.450538657908706,39.55634918610404,15.49472484717833,6.322987314308095,0.4818686922202305,0.7317073170731707,0.912949057160012,0.3181952058609593,0.0,0.0,img14_20220520_hsp-mKate-DN-dynactin_56hpf_1.tif
194,1,100,1.061747363207903,36.14213562373095,11.685113402358075,11.005549726116897,0.9620158811036372,0.9174311926605504,0.336051424845584,0.932490155586358,2.0,0.0541324579768516,img15_20220520_hsp-mKate-DN-dynactin_56hpf_2.tif
195,2,52,1.2069223341943685,24.48528137423857,8.951624417544373,7.416901787238583,1.089941049746501,0.9454545454545454,0.5599095632313331,0.8262467377224537,0.0,0.0,img15_20220520_hsp-mKate-DN-dynactin_56hpf_2.tif
196,3,61,1.0366708798560786,26.72792206135785,9.028417278774912,8.70904879669074,1.0730236807041484,0.953125,0.2636211151038338,0.9528328184160112,0.0,0.0,img15_20220520_hsp-mKate-DN-dynactin_56hpf_2.tif
197,4,3392,2.9086460021949945,514.6944801964781,125.5763615935643,43.17347710886741,0.1609039427880864,0.6696939782823297,0.939041951114305,0.2738736000508527,0.0,0.0,img15_20220520_hsp-mKate-DN-dynactin_56hpf_2.tif
198,5,129,1.3770967701682353,42.62741699796952,15.27593240599973,11.092853267046385,0.8921164334111217,0.9280575539568344,0.6875200653529995,0.7038569008131003,0.0,0.0,img15_20220520_hsp-mKate-DN-dynactin_56hpf_2.tif
199,6,124,1.16049302925194,40.38477631085024,13.594071084062096,11.714048030796796,0.95542408658357,0.9393939393939394,0.5074134626889937,0.8543439153319097,0.0,0.0,img15_20220520_hsp-mKate-DN-dynactin_56hpf_2.tif
200,7,254,1.9788415052110728,82.97665940288701,26.662066909659146,13.473573724549125,0.4635874686130748,0.7791411042944786,0.8629167028472644,0.4549421831112565,0.0,0.0,img15_20220520_hsp-mKate-DN-dynactin_56hpf_2.tif
201,8,406,1.99433285694326,138.53910524340094,35.722488642817666,17.911999252506924,0.2658221343717557,0.7289048473967684,0.865203542270918,0.4050911343943118,0.0,0.0,img15_20220520_hsp-mKate-DN-dynactin_56hpf_2.tif
202,9,98,1.3159736640906834,38.627416997969526,13.060105169685912,9.92429068001922,0.8253622543181157,0.8672566371681416,0.6500474416430072,0.7315480312913168,0.0,0.0,img15_20220520_hsp-mKate-DN-dynactin_56hpf_2.tif
203,10,77,1.3187184217566057,37.21320343559642,11.813685745385587,8.958459630562459,0.6987253098219923,0.8555555555555555,0.6518917970577969,0.702473613338645,0.0,0.0,img15_20220520_hsp-mKate-DN-dynactin_56hpf_2.tif
204,11,899,1.904036639979154,206.68733752154176,50.93680396804892,26.752008285201168,0.2644489299426176,0.7291159772911597,0.8509788386891414,0.44117046193908,0.0,0.0,img15_20220520_hsp-mKate-DN-dynactin_56hpf_2.tif
205,12,603,1.637876695013614,212.44469683442253,46.41198421969338,28.336677822568085,0.1678940816276322,0.5656660412757973,0.7919803561558785,0.3564241798595591,0.0,0.0,img15_20220520_hsp-mKate-DN-dynactin_56hpf_2.tif
206,13,5069,1.3243444648683422,622.541197284454,104.0363516349988,78.5568667328114,0.1643599354652463,0.7485233313644418,0.6556205078517896,0.5962963927271967,0.0,0.0,img15_20220520_hsp-mKate-DN-dynactin_56hpf_2.tif
207,14,861,2.7740590964388727,174.82337649086284,57.08230488735136,20.57717694645702,0.3540087591710261,0.8278846153846153,0.9327659429671388,0.3364420482886737,0.0,0.0,img15_20220520_hsp-mKate-DN-dynactin_56hpf_2.tif
208,15,233,1.8093377796719383,87.39087296526012,24.539393524450187,13.562638110004848,0.3833836871060135,0.7740863787375415,0.833387985296581,0.4926498889592967,0.0,0.0,img15_20220520_hsp-mKate-DN-dynactin_56hpf_2.tif
209,1,403,1.9329439302383384,89.04772721475248,32.74748480165185,16.941766540333106,0.6386592865099251,0.8520084566596194,0.8557765772424368,0.4784750167037107,0.0,0.0,img17_20220520_hsp-mKate-DN-dynactin_56hpf_4.tif
210,2,69,3.7797765773174574,39.14213562373095,18.49124427902279,4.892152724049683,0.5659393868874263,0.8518518518518519,0.9643676080385716,0.2569371707399321,0.0,0.0,img17_20220520_hsp-mKate-DN-dynactin_56hpf_4.tif
211,3,143,3.248652682134644,61.11269837220809,25.730668554340188,7.920412266857941,0.4811527601615193,0.8125,0.951444637645384,0.275007168799059,0.0,0.0,img17_20220520_hsp-mKate-DN-dynactin_56hpf_4.tif
212,4,514,2.3418269319868315,99.59797974644664,39.75730636053177,16.977047200837013,0.6511363257094458,0.9097345132743364,0.9042435785007074,0.4140371713498648,0.0,0.0,img17_20220520_hsp-mKate-DN-dynactin_56hpf_4.tif
213,5,244,1.439391401284761,98.49747468305831,24.581828630455814,17.07793210971995,0.316045417971426,0.6912181303116147,0.7192628296065045,0.5141283727448372,0.0,0.0,img17_20220520_hsp-mKate-DN-dynactin_56hpf_4.tif
214,6,2906,2.140936092352677,231.51576464628795,90.017454117068,42.0458389386802,0.6813093299484254,0.9534120734908136,0.8842122059838217,0.4566172104752151,0.0,0.0,img17_20220520_hsp-mKate-DN-dynactin_56hpf_4.tif
215,7,66,1.3993044753432018,30.970562748477143,11.254965392565136,8.043256911477165,0.864680382642923,0.8918918918918919,0.6994916712666698,0.6633851206076115,0.0,0.0,img17_20220520_hsp-mKate-DN-dynactin_56hpf_4.tif
216,8,84,1.8678790255883255,34.14213562373095,14.14383959999548,7.572138990928813,0.9055403018804472,0.9438202247191012,0.8446198128945911,0.5346317661942732,0.0,0.0,img17_20220520_hsp-mKate-DN-dynactin_56hpf_4.tif
217,9,66,2.095900927062892,34.14213562373095,14.238252976408443,6.793380733106187,0.7114959514774943,0.868421052631579,0.878837185381908,0.4145153754458488,0.0,0.0,img17_20220520_hsp-mKate-DN-dynactin_56hpf_4.tif
218,10,832,1.9652152113996104,180.95941546018392,50.1264306250288,25.506840337007752,0.3192793428388437,0.7753960857409133,0.8608551291480078,0.4215993022999588,0.0,0.0,img17_20220520_hsp-mKate-DN-dynactin_56hpf_4.tif
219,11,368,4.224162668504297,111.49747468305831,46.28214818699736,10.956526019246573,0.3719868782010223,0.8214285714285714,0.971574670888762,0.21874136618038,0.0,0.0,img17_20220520_hsp-mKate-DN-dynactin_56hpf_4.tif
220,12,572,1.9373963289326737,122.63961030678928,39.36115628716235,20.31652259238393,0.4779080754815836,0.8588588588588588,0.8564941984949904,0.4700785684735868,0.0,0.0,img17_20220520_hsp-mKate-DN-dynactin_56hpf_4.tif
221,13,343,3.1624171992495795,130.39696961967,45.145972555060695,14.27578011078789,0.2534947601754411,0.5813559322033899,0.9486879490339716,0.2142723892339374,0.0,0.0,img17_20220520_hsp-mKate-DN-dynactin_56hpf_4.tif
222,14,964,3.1219473628904484,203.4091629284897,76.78597642106219,24.5955384558342,0.2927830109632033,0.6703755215577191,0.947311801285365,0.2081724867493201,0.0,0.0,img17_20220520_hsp-mKate-DN-dynactin_56hpf_4.tif
223,15,925,3.195730163936737,149.53910524340094,62.88017375090208,19.67630886377517,0.5198069013965532,0.8751182592242195,0.949780299517618,0.2978683674948721,0.0,0.0,img17_20220520_hsp-mKate-DN-dynactin_56hpf_4.tif
224,16,107,1.4071557353670543,40.59188309203678,14.425556232298725,10.251570504764237,0.8160471334327766,0.8842975206611571,0.7035422892859048,0.654679527438642,0.0,0.0,img17_20220520_hsp-mKate-DN-dynactin_56hpf_4.tif
225,17,398,2.6875473182978022,112.08326112068524,42.80037006555792,15.9254386980119,0.3981176383254711,0.7289377289377289,0.9281980701090556,0.2766292775634636,0.0,0.0,img17_20220520_hsp-mKate-DN-dynactin_56hpf_4.tif
226,18,2625,1.1241291613764195,299.9127342659579,67.33104004878463,59.89617773667784,0.3667324664070985,0.8231420507996237,0.4567842880660487,0.7372398132214437,0.0,0.0,img17_20220520_hsp-mKate-DN-dynactin_56hpf_4.tif
227,19,1187,3.4051917296248893,189.37972567696687,72.86052611278637,21.396893889676097,0.4159044974704591,0.8904726181545386,0.955907102748366,0.2846926348277409,0.0,0.0,img17_20220520_hsp-mKate-DN-dynactin_56hpf_4.tif
228,20,1223,1.505531070443628,179.6812408671319,50.14619865395403,33.307979913810534,0.4760261871498495,0.8411279229711142,0.7475394214493238,0.6192421959789189,0.0,0.0,img17_20220520_hsp-mKate-DN-dynactin_56hpf_4.tif
229,21,293,2.8431769967136806,89.74011537017762,36.703053197357576,12.90916929891499,0.4571979109409998,0.8138888888888889,0.9361055438333218,0.276932134203124,0.0,0.0,img17_20220520_hsp-mKate-DN-dynactin_56hpf_4.tif
230,22,67,2.3414391787186557,32.72792206135785,14.319680752784128,6.115760290908143,0.7860457107471424,0.8933333333333333,0.9042101804177138,0.4160238701051709,0.0,0.0,img17_20220520_hsp-mKate-DN-dynactin_56hpf_4.tif
231,1,52,1.3980272784045342,26.97056274847714,9.879335258310176,7.066625530787022,0.8983243900646514,0.896551724137931,0.6988240335370586,0.6783565379724017,0.0,0.0,img18_20220520_hsp-mKate-DN-dynactin_56hpf_5.tif
232,2,92,1.9305429178701496,39.79898987322333,15.487027500350935,8.022109924101988,0.7298835779790926,0.8679245283018868,0.8553872768845375,0.4883844266322279,0.0,0.0,img18_20220520_hsp-mKate-DN-dynactin_56hpf_5.tif
233,3,217,1.9887928388621452,63.698484809834994,24.206763149118338,12.171586037572336,0.6720651784703394,0.8645418326693227,0.8643925511220383,0.4715159744732347,0.0,0.0,img18_20220520_hsp-mKate-DN-dynactin_56hpf_5.tif
234,4,58,1.361860359920665,26.97056274847714,10.17639036821744,7.472418368069886,1.0019772043028805,0.9830508474576272,0.6788362647610053,0.7131002615135418,0.0,0.0,img18_20220520_hsp-mKate-DN-dynactin_56hpf_5.tif
235,5,5601,2.215974234252185,994.9097756731276,150.13038533914715,67.74915656445391,0.0711062933884802,0.6132705573196102,0.8923880791447163,0.3164014700993096,0.0,0.0,img18_20220520_hsp-mKate-DN-dynactin_56hpf_5.tif
236,6,55,1.5014231405231837,29.14213562373095,10.955165688159678,7.296521142162666,0.8138227075095928,0.8208955223880597,0.7459207058456981,0.5834920020361122,0.0,0.0,img18_20220520_hsp-mKate-DN-dynactin_56hpf_5.tif
237,7,67,1.599701469409578,36.42031021678297,12.569060346889913,7.857128712602192,0.6347422184654167,0.7790697674418605,0.7805313525438043,0.5399820192315787,0.0,0.0,img18_20220520_hsp-mKate-DN-dynactin_56hpf_5.tif
238,8,90,2.2592292241359124,44.00609665440988,17.253607214030932,7.6369440646864515,0.5840185972850437,0.7692307692307693,0.8967049203733084,0.3849397981567469,0.0,0.0,img18_20220520_hsp-mKate-DN-dynactin_56hpf_5.tif
239,9,54,1.2178784419863982,25.556349186104047,9.220694059837566,7.571111977972385,1.0389771515919282,0.9310344827586208,0.5707843505065909,0.8086799088786796,0.0,0.0,img18_20220520_hsp-mKate-DN-dynactin_56hpf_5.tif
240,10,59,1.9951835969397056,29.556349186104047,12.44200605819606,6.236020623505585,0.8487119127667397,0.8676470588235294,0.8653274152889171,0.4852676197929357,0.0,0.0,img18_20220520_hsp-mKate-DN-dynactin_56hpf_5.tif
241,11,2926,2.168127235904422,273.62846301849606,90.95910939532492,41.95284662681793,0.4910906253885668,0.9000307597662258,0.8872818902110235,0.4502897297076939,0.0,0.0,img18_20220520_hsp-mKate-DN-dynactin_56hpf_5.tif
242,12,310,1.8571291828823075,70.18376618407356,27.3041088023773,14.702320686168257,0.7908574659131662,0.9226190476190476,0.8426475549392448,0.5294388429965354,0.0,0.0,img18_20220520_hsp-mKate-DN-dynactin_56hpf_5.tif
243,13,360,2.4640496760089894,93.84062043356592,34.21271975265768,13.884752440572491,0.5137249089202349,0.8716707021791767,0.9139459296309584,0.3915952538433312,0.0,0.0,img18_20220520_hsp-mKate-DN-dynactin_56hpf_5.tif
244,14,144,1.971030861031477,51.45584412271571,19.45157016083957,9.868729376799408,0.6834440106039972,0.8674698795180723,0.861740835922363,0.4845775420757719,0.0,0.0,img18_20220520_hsp-mKate-DN-dynactin_56hpf_5.tif
245,15,50,1.0277304861138543,25.556349186104047,8.26147361421544,8.0385604259483,0.9620158811036372,0.8620689655172413,0.2307302928541754,0.9327496241220906,0.0,0.0,img18_20220520_hsp-mKate-DN-dynactin_56hpf_5.tif
246,16,1491,2.213805765257653,247.62236636408616,69.69333271103427,31.48123191508765,0.3055679273320951,0.7733402489626556,0.892164414362561,0.3908456623144928,0.0,0.0,img18_20220520_hsp-mKate-DN-dynactin_56hpf_5.tif
247,17,181,1.9581217650247669,61.11269837220809,22.47002166852217,11.475293349919925,0.6090115355890559,0.8302752293577982,0.8597628621348411,0.4564379131136297,0.0,0.0,img18_20220520_hsp-mKate-DN-dynactin_56hpf_5.tif
248,18,94,2.1904788430141964,44.79898987322333,17.016660496122842,7.768466036726088,0.5885742722876866,0.8173913043478261,0.8897125414705728,0.4133227438450029,0.0,0.0,img18_20220520_hsp-mKate-DN-dynactin_56hpf_5.tif
249,19,280,2.6607331901659905,111.49747468305831,34.453112398624114,12.948728766176943,0.2830334942833866,0.7235142118863049,0.9266860896716106,0.3003386525683892,0.0,0.0,img18_20220520_hsp-mKate-DN-dynactin_56hpf_5.tif
250,20,89,4.704468887989762,50.38477631085024,23.99652447239367,5.100793531370866,0.4405560818884721,0.7739130434782608,0.9771471800058724,0.1967901852273804,0.0,0.0,img18_20220520_hsp-mKate-DN-dynactin_56hpf_5.tif
251,21,358,1.6896011145851793,136.12489168102786,34.249528014228424,20.2707773560135,0.2427827331938222,0.62478184991274,0.8060439601427265,0.3885831489969761,0.0,0.0,img18_20220520_hsp-mKate-DN-dynactin_56hpf_5.tif
252,22,72,1.604227197656156,52.00609665440988,14.610279308685987,9.107362928413274,0.3345290543506298,0.6990291262135923,0.7819404774054156,0.42946282641211,0.0,0.0,img18_20220520_hsp-mKate-DN-dynactin_56hpf_5.tif
